bitcoin_close;bitcoin_open;bitcoin_max;bitcoin_min;bitcoin_volume;date
8,223.4;7,957.4;8,288.5;7,889.6;513.91K;20/10/2019
8,208.2;8,224.1;8,315.3;8,155.7;489.40K;21/10/2019
8,031.4;8,207.4;8,289.1;8,017.7;570.39K;22/10/2019
7,477.0;8,031.0;8,055.0;7,329.2;892.08K;23/10/2019
7,422.7;7,476.8;7,501.5;7,366.3;586.49K;24/10/2019
8,658.3;7,422.8;8,697.7;7,404.9;1.18M;25/10/2019
9,230.6;8,658.4;10,540.0;8,061.8;1.78M;26/10/2019
9,529.6;9,230.6;9,773.2;9,081.0;1.16M;27/10/2019
9,207.2;9,530.1;9,866.9;9,202.5;1.04M;28/10/2019
9,411.3;9,206.5;9,531.3;9,125.3;918.48K;29/10/2019
9,157.9;9,411.3;9,411.3;9,018.4;789.73K;30/10/2019
9,152.6;9,157.9;9,378.9;8,959.6;798.93K;31/10/2019
9,230.1;9,153.1;9,270.4;9,057.2;689.65K;01/11/2019
9,300.6;9,230.3;9,356.7;9,201.2;570.74K;02/11/2019
9,198.3;9,300.5;9,359.1;9,095.0;536.56K;03/11/2019
9,396.4;9,198.7;9,500.4;9,134.1;681.01K;04/11/2019
9,310.8;9,396.1;9,452.7;9,193.9;653.42K;05/11/2019
9,338.9;9,311.2;9,424.6;9,262.7;578.03K;06/11/2019
9,223.5;9,339.2;9,367.0;9,130.0;603.54K;07/11/2019
8,778.2;9,223.6;9,254.8;8,722.4;791.79K;08/11/2019
8,804.5;8,778.1;8,877.5;8,746.9;512.02K;09/11/2019
9,036.8;8,804.7;9,092.9;8,763.5;581.57K;10/11/2019
8,736.9;9,036.9;9,066.4;8,649.4;601.16K;11/11/2019
8,812.6;8,737.4;8,841.2;8,615.7;575.16K;12/11/2019
8,783.1;8,813.2;8,829.7;8,721.1;454.33K;13/11/2019
8,661.2;8,782.9;8,799.8;8,615.8;515.43K;14/11/2019
8,476.3;8,660.8;8,761.8;8,437.1;653.71K;15/11/2019
8,497.3;8,476.2;8,532.8;8,450.7;471.16K;16/11/2019
8,509.8;8,497.4;8,631.7;8,413.0;531.22K;17/11/2019
8,208.4;8,510.3;8,516.3;8,110.4;692.60K;18/11/2019
8,145.7;8,207.7;8,245.6;8,032.8;654.27K;19/11/2019
8,099.3;8,145.7;8,223.0;8,074.2;607.27K;20/11/2019
7,627.9;8,099.4;8,129.6;7,519.7;891.50K;21/11/2019
7,272.5;7,627.9;7,700.9;6,818.5;1.41M;22/11/2019
7,324.1;7,271.6;7,342.5;7,093.7;783.18K;23/11/2019
6,924.7;7,325.0;7,344.1;6,894.9;904.50K;24/11/2019
7,115.6;6,924.7;7,352.8;6,534.8;1.29M;25/11/2019
7,162.8;7,115.5;7,329.5;7,045.1;844.27K;26/11/2019
7,510.6;7,162.8;7,636.9;6,875.4;996.49K;27/11/2019
7,426.7;7,510.6;7,639.5;7,380.6;737.58K;28/11/2019
7,742.7;7,426.6;7,825.3;7,412.3;766.71K;29/11/2019
7,546.6;7,742.7;7,787.7;7,472.7;650.60K;30/11/2019
7,396.4;7,546.5;7,546.5;7,244.4;777.00K;01/12/2019
7,298.2;7,395.9;7,433.8;7,173.6;687.78K;02/12/2019
7,291.8;7,298.1;7,389.4;7,227.1;548.77K;03/12/2019
7,204.4;7,291.9;7,702.2;7,113.6;971.75K;04/12/2019
7,399.2;7,204.6;7,476.3;7,184.0;780.78K;05/12/2019
7,530.8;7,399.2;7,552.1;7,329.8;706.10K;06/12/2019
7,510.9;7,530.4;7,595.7;7,489.6;557.14K;07/12/2019
7,524.4;7,510.8;7,576.4;7,416.7;499.04K;08/12/2019
7,355.8;7,524.8;7,626.0;7,321.6;648.66K;09/12/2019
7,235.7;7,356.2;7,400.3;7,192.1;609.50K;10/12/2019
7,208.0;7,235.8;7,284.4;7,168.8;518.40K;11/12/2019
7,208.0;7,208.0;7,272.4;7,124.6;611.80K;12/12/2019
7,255.2;7,208.4;7,288.0;7,200.3;503.49K;13/12/2019
7,080.8;7,255.2;7,267.4;7,043.3;524.56K;14/12/2019
7,128.5;7,080.8;7,175.8;7,033.8;492.58K;15/12/2019
6,903.5;7,128.5;7,153.1;6,864.6;689.56K;16/12/2019
6,613.3;6,903.5;6,943.5;6,575.0;894.55K;17/12/2019
7,276.0;6,613.5;7,387.7;6,462.2;1.14M;18/12/2019
7,165.5;7,276.4;7,354.0;7,039.3;778.72K;19/12/2019
7,196.4;7,165.5;7,218.4;7,107.7;627.04K;20/12/2019
7,156.2;7,196.4;7,197.6;7,129.6;468.74K;21/12/2019
7,495.8;7,156.3;7,501.1;7,142.0;677.94K;22/12/2019
7,322.8;7,496.2;7,684.0;7,276.2;952.16K;23/12/2019
7,268.3;7,322.4;7,433.2;7,185.7;785.54K;24/12/2019
7,224.8;7,268.3;7,542.4;7,150.9;625.41K;25/12/2019
7,210.9;7,225.0;7,414.3;7,177.3;795.09K;26/12/2019
7,261.7;7,210.8;7,293.8;7,128.5;718.07K;27/12/2019
7,321.5;7,261.9;7,375.9;7,256.5;610.96K;28/12/2019
7,397.5;7,321.6;7,518.9;7,303.0;611.69K;29/12/2019
7,261.8;7,397.5;7,420.9;7,244.1;606.11K;30/12/2019
7,196.4;7,261.5;7,331.0;7,167.4;586.60K;31/12/2019
7,199.8;7,196.4;7,259.4;7,180.0;420.28K;01/01/2020
6,967.0;7,199.7;7,209.6;6,901.4;632.78K;02/01/2020
7,343.1;6,967.1;7,402.9;6,884.1;936.29K;03/01/2020
7,376.8;7,345.1;7,433.1;7,291.4;523.91K;04/01/2020
7,372.5;7,376.8;7,501.0;7,345.6;628.14K;05/01/2020
7,759.1;7,372.6;7,783.1;7,366.7;786.75K;06/01/2020
8,155.7;7,759.1;8,182.0;7,754.1;1.01M;07/01/2020
8,059.6;8,154.2;8,436.4;7,900.8;1.19M;08/01/2020
7,842.4;8,060.0;8,065.9;7,779.2;786.50K;09/01/2020
8,187.1;7,842.5;8,187.4;7,697.7;1.05M;10/01/2020
8,024.1;8,187.8;8,262.9;8,008.4;776.75K;11/01/2020
8,187.6;8,023.3;8,189.9;7,973.1;595.22K;12/01/2020
8,111.4;8,188.3;8,196.7;8,068.4;610.66K;13/01/2020
8,829.2;8,111.2;8,898.7;8,111.2;1.48M;14/01/2020
8,818.3;8,827.9;8,904.0;8,615.5;1.17M;15/01/2020
8,726.9;8,818.1;8,850.0;8,605.8;748.32K;16/01/2020
8,913.1;8,726.7;9,005.1;8,675.9;794.11K;17/01/2020
8,916.3;8,913.0;8,982.3;8,814.6;627.74K;18/01/2020
8,706.2;8,916.3;9,183.7;8,552.8;975.01K;19/01/2020
8,641.9;8,705.7;8,740.1;8,539.2;599.06K;20/01/2020
8,732.6;8,642.0;8,770.3;8,524.0;540.20K;21/01/2020
8,678.5;8,733.0;8,805.4;8,610.8;509.06K;22/01/2020
8,405.1;8,678.5;8,687.3;8,309.6;722.67K;23/01/2020
8,439.9;8,404.9;8,522.0;8,242.6;617.02K;24/01/2020
8,341.6;8,439.9;8,447.6;8,277.2;444.00K;25/01/2020
8,607.8;8,341.6;8,607.8;8,304.9;468.34K;26/01/2020
8,866.6;8,608.1;8,983.1;8,585.6;706.45K;27/01/2020
9,377.3;8,866.6;9,389.5;8,866.6;954.20K;28/01/2020
9,298.9;9,377.3;9,428.7;9,250.9;749.88K;29/01/2020
9,507.3;9,299.1;9,569.0;9,209.2;765.21K;30/01/2020
9,349.1;9,508.3;9,525.0;9,222.3;633.37K;31/01/2020
9,381.6;9,349.3;9,458.8;9,301.5;458.42K;01/02/2020
9,334.9;9,381.5;9,465.4;9,183.1;683.37K;02/02/2020
9,296.6;9,334.6;9,582.8;9,243.1;701.39K;03/02/2020
9,193.9;9,296.5;9,347.5;9,193.9;651.68K;04/02/2020
9,611.8;9,194.1;9,726.8;9,179.9;771.46K;05/02/2020
9,772.0;9,611.8;9,854.9;9,536.1;778.67K;06/02/2020
9,818.6;9,771.9;9,872.5;9,738.7;608.96K;07/02/2020
9,895.5;9,817.3;9,931.2;9,673.2;551.31K;08/02/2020
10,151.5;9,895.4;10,157.1;9,882.7;617.35K;09/02/2020
9,854.1;10,151.5;10,181.7;9,774.8;781.22K;10/02/2020
10,229.5;9,854.0;10,314.1;9,725.1;791.28K;11/02/2020
10,317.7;10,229.3;10,435.6;10,229.3;803.25K;12/02/2020
10,235.1;10,321.9;10,482.6;10,116.9;940.30K;13/02/2020
10,333.0;10,235.5;10,372.4;10,125.2;732.51K;14/02/2020
9,907.7;10,336.0;10,369.8;9,831.7;808.81K;15/02/2020
9,932.3;9,907.4;10,056.4;9,654.9;808.91K;16/02/2020
9,701.4;9,931.7;9,951.5;9,468.9;961.88K;17/02/2020
10,158.4;9,701.5;10,230.1;9,601.6;945.91K;18/02/2020
9,609.4;10,158.6;10,230.9;9,424.3;905.95K;19/02/2020
9,602.4;9,611.9;9,681.4;9,448.9;870.80K;20/02/2020
9,684.5;9,602.2;9,747.1;9,574.5;716.61K;21/02/2020
9,655.7;9,684.5;9,706.5;9,569.8;589.88K;22/02/2020
9,942.7;9,655.6;9,965.6;9,653.4;775.88K;23/02/2020
9,662.7;9,943.2;9,981.0;9,507.0;980.00K;24/02/2020
9,317.2;9,662.6;9,672.3;9,269.8;937.97K;25/02/2020
8,800.3;9,317.1;9,368.1;8,672.0;1.32M;26/02/2020
8,818.6;8,800.1;8,968.3;8,538.5;1.13M;27/02/2020
8,697.5;8,820.1;8,898.7;8,451.9;1.08M;28/02/2020
8,543.7;8,697.1;8,793.7;8,539.8;683.44K;29/02/2020
8,540.0;8,543.8;8,737.2;8,437.2;784.05K;01/03/2020
8,904.8;8,537.5;8,961.8;8,503.1;1.02M;02/03/2020
8,761.4;8,906.1;8,911.7;8,669.3;1.01M;03/03/2020
8,757.9;8,761.3;8,840.3;8,679.7;759.69K;04/03/2020
9,060.3;8,757.9;9,147.3;8,751.5;950.76K;05/03/2020
9,134.8;9,060.6;9,165.2;9,004.9;1.04M;06/03/2020
8,887.8;9,134.2;9,180.8;8,848.7;750.65K;07/03/2020
8,034.1;8,887.8;8,888.0;8,015.3;1.11M;08/03/2020
7,933.0;8,035.8;8,158.8;7,648.7;1.54M;09/03/2020
7,891.2;7,933.0;8,145.5;7,740.2;1.20M;10/03/2020
7,935.1;7,892.1;7,976.5;7,606.0;1.10M;11/03/2020
4,826.0;7,935.2;7,963.1;4,546.6;3.22M;12/03/2020
5,584.3;4,815.2;5,934.3;3,869.5;4.17M;13/03/2020
5,182.7;5,589.4;5,634.9;5,072.2;1.69M;14/03/2020
5,366.3;5,182.9;5,863.3;5,120.6;1.61M;15/03/2020
5,030.0;5,366.4;5,369.3;4,477.7;2.55M;16/03/2020
5,261.1;5,030.2;5,432.8;4,946.5;1.89M;17/03/2020
5,361.4;5,260.7;5,373.1;5,020.9;1.80M;18/03/2020
6,172.0;5,359.2;6,379.5;5,256.0;2.18M;19/03/2020
6,205.3;6,171.6;6,858.1;5,748.2;2.22M;20/03/2020
6,186.2;6,205.6;6,438.3;5,887.0;1.64M;21/03/2020
5,822.1;6,186.9;6,394.4;5,771.2;1.48M;22/03/2020
6,468.9;5,822.0;6,564.7;5,710.8;1.88M;23/03/2020
6,744.6;6,468.8;6,814.2;6,380.8;1.73M;24/03/2020
6,678.9;6,744.8;6,930.2;6,474.6;1.52M;25/03/2020
6,725.1;6,677.9;6,772.9;6,541.7;1.18M;26/03/2020
6,373.4;6,725.5;6,813.7;6,322.3;1.16M;27/03/2020
6,233.7;6,373.4;6,374.3;6,046.5;1.26M;28/03/2020
5,890.4;6,233.2;6,258.8;5,889.3;916.17K;29/03/2020
6,391.0;5,890.4;6,576.5;5,872.5;1.43M;30/03/2020
6,412.5;6,391.1;6,513.1;6,346.3;1.05M;31/03/2020
6,638.5;6,412.4;6,661.3;6,157.4;1.40M;01/04/2020
6,800.5;6,638.8;7,182.7;6,567.9;1.74M;02/04/2020
6,735.9;6,799.9;7,026.3;6,623.6;1.35M;03/04/2020
6,857.4;6,735.9;6,958.6;6,679.1;1.05M;04/04/2020
6,772.7;6,857.5;6,889.4;6,686.0;842.33K;05/04/2020
7,332.3;6,772.8;7,335.0;6,770.1;1.53M;06/04/2020
7,185.2;7,332.3;7,440.3;7,101.7;1.32M;07/04/2020
7,361.2;7,185.6;7,396.1;7,153.1;983.94K;08/04/2020
7,289.0;7,361.1;7,361.1;7,140.3;963.55K;09/04/2020
6,863.1;7,289.0;7,294.4;6,756.1;1.37M;10/04/2020
6,867.8;6,862.7;6,931.4;6,765.1;845.58K;11/04/2020
6,917.6;6,867.9;7,158.8;6,785.1;1.10M;12/04/2020
6,841.3;6,918.1;6,920.3;6,618.5;1.25M;13/04/2020
6,850.9;6,841.8;6,970.8;6,768.6;999.53K;14/04/2020
6,629.1;6,851.3;6,929.5;6,615.9;1.00M;15/04/2020
7,085.6;6,629.1;7,159.7;6,520.5;1.54M;16/04/2020
7,035.8;7,085.5;7,142.8;7,005.8;810.10K;17/04/2020
7,230.8;7,035.9;7,259.4;7,031.5;796.45K;18/04/2020
7,122.9;7,230.9;7,238.0;7,079.1;5.93M;19/04/2020
6,833.5;7,122.9;7,207.5;6,771.2;1.26M;20/04/2020
6,842.5;6,833.4;6,919.3;6,774.3;892.57K;21/04/2020
7,112.9;6,842.5;7,137.4;6,821.8;914.18K;22/04/2020
7,488.5;7,112.8;7,655.4;7,036.5;1.34M;23/04/2020
7,503.8;7,491.3;7,583.5;7,423.5;951.95K;24/04/2020
7,540.4;7,503.9;7,684.6;7,451.0;861.93K;25/04/2020
7,678.9;7,540.4;7,679.4;7,520.5;921.59K;26/04/2020
7,766.0;7,679.4;7,768.5;7,637.7;980.50K;27/04/2020
7,746.9;7,766.0;7,770.1;7,655.3;808.09K;28/04/2020
8,770.9;7,746.7;8,918.5;7,729.7;1.83M;29/04/2020
8,629.0;8,770.6;9,437.5;8,425.5;2.04M;30/04/2020
8,821.6;8,628.6;9,040.3;8,621.0;1.11M;01/05/2020
8,966.3;8,821.6;8,986.2;8,771.3;890.34K;02/05/2020
8,885.5;8,966.2;9,169.9;8,742.2;1.15M;03/05/2020
8,874.7;8,885.5;8,945.5;8,553.2;1.12M;04/05/2020
9,001.0;8,874.2;9,078.7;8,800.4;1.05M;05/05/2020
9,151.4;9,000.6;9,373.7;8,923.6;1.62M;06/05/2020
9,979.8;9,152.7;10,033.0;9,064.8;1.91M;07/05/2020
9,806.2;9,980.1;10,018.2;9,731.4;1.42M;08/05/2020
9,554.6;9,806.0;9,910.5;9,533.6;1.49M;09/05/2020
8,738.8;9,553.9;9,569.4;8,259.3;2.47M;10/05/2020
8,579.8;8,737.6;9,129.6;8,235.6;2.29M;11/05/2020
8,813.8;8,569.8;8,964.5;8,542.8;1.35M;12/05/2020
9,298.7;8,813.9;9,384.6;8,799.1;1.50M;13/05/2020
9,778.4;9,298.7;9,887.5;9,265.8;1.77M;14/05/2020
9,318.0;9,778.6;9,819.6;9,223.2;1.56M;15/05/2020
9,379.5;9,318.1;9,579.0;9,233.0;1.10M;16/05/2020
9,677.7;9,376.6;9,866.0;9,327.8;1.18M;17/05/2020
9,730.7;9,678.4;9,930.2;9,524.4;1.18M;18/05/2020
9,773.3;9,730.8;9,883.9;9,498.7;1.16M;19/05/2020
9,512.3;9,773.0;9,829.3;9,368.4;1.15M;20/05/2020
9,059.0;9,511.6;9,567.1;8,833.6;1.41M;21/05/2020
9,169.7;9,058.2;9,253.5;8,952.1;914.59K;22/05/2020
9,177.0;9,169.8;9,303.2;9,098.9;812.56K;23/05/2020
8,728.2;9,177.9;9,292.0;8,724.1;1.11M;24/05/2020
8,898.2;8,728.0;8,959.5;8,666.1;941.89K;25/05/2020
8,842.5;8,897.7;8,994.6;8,713.9;784.92K;26/05/2020
9,199.1;8,842.3;9,210.9;8,818.6;810.89K;27/05/2020
9,572.2;9,199.8;9,610.8;9,119.2;948.86K;28/05/2020
9,424.8;9,573.4;9,596.5;9,358.1;814.33K;29/05/2020
9,692.5;9,424.8;9,729.9;9,352.7;720.62K;30/05/2020
9,454.8;9,692.9;9,695.6;9,406.2;645.27K;31/05/2020
10,189.3;9,454.5;10,301.8;9,429.7;796.68K;01/06/2020
9,527.6;10,190.7;10,207.3;9,347.3;1.06M;02/06/2020
9,667.2;9,527.0;9,667.2;9,421.7;558.12K;03/06/2020
9,794.4;9,667.2;9,864.4;9,490.9;593.66K;04/06/2020
9,631.2;9,794.0;9,846.1;9,628.7;527.05K;05/06/2020
9,669.6;9,630.8;9,733.1;9,549.5;370.85K;06/06/2020
9,742.6;9,669.6;9,791.8;9,417.4;549.20K;07/06/2020
9,777.9;9,743.4;9,788.2;9,662.3;431.04K;08/06/2020
9,768.8;9,777.7;9,857.2;9,616.6;479.55K;09/06/2020
9,878.8;9,768.8;9,970.9;9,710.7;533.55K;10/06/2020
9,283.2;9,878.9;9,945.2;9,139.1;919.30K;11/06/2020
9,466.6;9,283.7;9,547.5;9,249.4;529.28K;12/06/2020
9,471.3;9,466.5;9,484.9;9,369.9;364.97K;13/06/2020
9,345.3;9,470.7;9,474.7;9,264.4;311.27K;14/06/2020
9,425.4;9,345.5;9,489.7;8,925.6;750.90K;15/06/2020
9,523.5;9,425.6;9,577.1;9,379.3;545.47K;16/06/2020
9,464.6;9,523.6;9,543.6;9,258.2;446.45K;17/06/2020
9,388.1;9,464.6;9,480.4;9,289.3;391.67K;18/06/2020
9,314.0;9,390.3;9,424.0;9,249.6;478.49K;19/06/2020
9,358.8;9,314.0;9,394.5;9,199.8;383.44K;20/06/2020
9,296.4;9,358.8;9,411.2;9,288.5;335.99K;21/06/2020
9,683.7;9,296.5;9,751.9;9,285.8;523.32K;22/06/2020
9,624.6;9,683.9;9,715.6;9,581.8;375.49K;23/06/2020
9,302.0;9,624.6;9,667.4;9,223.0;515.78K;24/06/2020
9,247.5;9,300.8;9,327.3;9,022.6;524.45K;25/06/2020
9,160.0;9,247.5;9,296.5;9,060.1;489.84K;26/06/2020
9,008.3;9,160.5;9,190.5;8,865.3;441.93K;27/06/2020
9,124.0;9,008.4;9,185.5;8,950.2;329.01K;28/06/2020
9,185.4;9,122.8;9,229.1;9,033.6;401.12K;29/06/2020
9,135.4;9,186.0;9,199.8;9,075.3;381.73K;30/06/2020
9,229.9;9,135.9;9,289.0;9,101.1;366.78K;01/07/2020
9,085.1;9,229.9;9,259.7;8,962.1;483.10K;02/07/2020
9,067.1;9,085.0;9,120.4;9,050.9;333.88K;03/07/2020
9,134.4;9,067.1;9,182.3;9,049.6;261.25K;04/07/2020
9,081.0;9,134.3;9,149.6;8,932.1;314.10K;05/07/2020
9,339.0;9,080.4;9,363.0;9,063.2;510.27K;06/07/2020
9,256.0;9,338.8;9,371.2;9,209.3;420.55K;07/07/2020
9,429.9;9,256.3;9,458.3;9,233.1;509.94K;08/07/2020
9,235.7;9,430.1;9,434.5;9,176.0;444.27K;09/07/2020
9,285.1;9,239.0;9,309.8;9,131.9;418.47K;10/07/2020
9,233.3;9,285.8;9,295.5;9,184.2;353.92K;11/07/2020
9,300.8;9,234.2;9,337.8;9,170.4;366.88K;12/07/2020
9,243.6;9,300.5;9,329.6;9,207.6;456.87K;13/07/2020
9,253.4;9,243.1;9,274.8;9,135.7;453.83K;14/07/2020
9,198.7;9,253.6;9,270.2;9,168.7;429.84K;15/07/2020
9,135.3;9,198.7;9,224.2;9,052.0;429.04K;16/07/2020
9,155.8;9,135.4;9,181.9;9,091.5;310.92K;17/07/2020
9,170.2;9,155.8;9,198.8;9,126.7;276.40K;18/07/2020
9,208.0;9,170.1;9,224.8;9,106.4;265.25K;19/07/2020
9,162.4;9,208.1;9,218.4;9,139.9;312.98K;20/07/2020
9,387.3;9,162.3;9,426.9;9,155.1;458.99K;21/07/2020
9,513.7;9,387.4;9,523.1;9,296.0;386.00K;22/07/2020
9,599.6;9,513.6;9,646.5;9,451.1;425.66K;23/07/2020
9,546.4;9,599.2;9,626.2;9,480.5;359.16K;24/07/2020
9,704.1;9,546.7;9,729.3;9,536.2;306.29K;25/07/2020
9,932.5;9,690.0;10,086.6;9,645.9;415.07K;26/07/2020
11,022.8;9,932.7;11,367.0;9,894.6;908.99K;27/07/2020
10,908.5;10,961.1;11,046.1;10,873.6;658.37K;28/07/2020
11,105.9;10,908.4;11,336.5;10,771.8;576.83K;29/07/2020
11,096.2;11,105.8;11,164.4;10,861.6;501.14K;30/07/2020
11,333.4;11,096.5;11,434.8;10,964.6;530.95K;31/07/2020
11,803.1;11,333.2;11,847.7;11,226.1;611.47K;01/08/2020
11,066.8;11,802.6;12,061.1;10,730.7;647.95K;02/08/2020
11,224.4;11,066.9;11,461.1;10,981.6;470.24K;03/08/2020
11,184.7;11,223.8;11,407.8;11,043.0;485.79K;04/08/2020
11,735.1;11,184.8;11,771.5;11,114.5;570.83K;05/08/2020
11,757.1;11,735.0;11,898.4;11,563.0;554.85K;06/08/2020
11,592.0;11,757.1;11,901.8;11,352.4;517.00K;07/08/2020
11,764.3;11,591.6;11,805.5;11,533.5;317.06K;08/08/2020
11,681.2;11,764.4;11,792.8;11,527.5;303.00K;09/08/2020
11,889.2;11,681.1;12,041.1;11,546.9;564.11K;10/08/2020
11,390.4;11,889.2;11,931.8;11,146.7;615.90K;11/08/2020
11,557.2;11,390.4;11,605.4;11,190.6;549.59K;12/08/2020
11,770.9;11,557.2;11,772.9;11,298.4;545.67K;13/08/2020
11,750.8;11,771.1;11,835.5;11,651.5;435.44K;14/08/2020
11,845.3;11,751.1;11,964.0;11,711.5;499.10K;15/08/2020
11,899.0;11,845.5;11,922.5;11,688.9;410.81K;16/08/2020
12,282.6;11,898.8;12,444.1;11,764.0;628.41K;17/08/2020
11,947.6;12,283.0;12,381.4;11,842.0;606.79K;18/08/2020
11,750.2;11,944.4;12,013.2;11,602.6;550.26K;19/08/2020
11,856.9;11,751.0;11,881.0;11,672.7;430.93K;20/08/2020
11,529.2;11,856.9;11,877.4;11,495.6;506.38K;21/08/2020
11,661.3;11,529.2;11,677.0;11,382.1;433.98K;22/08/2020
11,641.6;11,661.1;11,705.4;11,520.8;377.33K;23/08/2020
11,753.5;11,641.6;11,824.6;11,587.1;429.13K;24/08/2020
11,324.8;11,752.9;11,766.9;11,131.0;594.07K;25/08/2020
11,462.3;11,324.9;11,533.6;11,254.6;513.06K;26/08/2020
11,327.4;11,462.3;11,580.3;11,135.3;560.59K;27/08/2020
11,527.4;11,327.5;11,539.0;11,281.9;464.94K;28/08/2020
11,468.1;11,527.8;11,576.8;11,433.5;389.85K;29/08/2020
11,702.0;11,468.1;11,704.2;11,462.6;409.36K;30/08/2020
11,644.2;11,701.1;11,760.2;11,563.8;496.14K;31/08/2020
11,914.9;11,644.2;12,045.9;11,544.6;580.69K;01/09/2020
11,413.3;11,914.4;11,947.5;11,244.9;20.26M;02/09/2020
10,168.8;11,413.2;11,442.7;10,009.5;9.65M;03/09/2020
10,472.5;10,168.7;10,614.2;9,960.3;12.50M;04/09/2020
10,092.2;10,472.3;10,558.7;9,897.8;14.72M;05/09/2020
10,296.4;10,092.2;10,337.7;10,004.7;12.12M;06/09/2020
10,376.9;10,296.4;10,400.9;9,887.0;12.40M;07/09/2020
10,126.6;10,376.9;10,434.4;9,877.1;113.90K;08/09/2020
10,224.6;10,126.8;10,343.3;9,984.6;71.37K;09/09/2020
10,339.7;10,224.3;10,480.3;10,219.2;88.01K;10/09/2020
10,390.2;10,339.8;10,398.8;10,212.6;62.28K;11/09/2020
10,441.9;10,390.2;10,476.8;10,275.9;48.49K;12/09/2020
10,326.0;10,441.7;10,579.6;10,219.4;66.12K;13/09/2020
10,675.3;10,332.7;10,744.3;10,264.5;96.64K;14/09/2020
10,785.3;10,675.2;10,931.8;10,627.8;91.70K;15/09/2020
10,949.5;10,785.2;11,093.3;10,669.2;94.94K;16/09/2020
10,941.3;10,950.1;11,039.3;10,755.2;77.22K;17/09/2020
10,933.0;10,941.3;11,029.7;10,818.7;63.48K;18/09/2020
11,081.8;10,933.0;11,177.1;10,890.7;51.63K;19/09/2020
10,921.5;11,081.6;11,081.6;10,772.7;53.39K;20/09/2020
10,416.8;10,919.9;10,987.2;10,328.5;109.85K;21/09/2020
10,531.5;10,419.4;10,570.7;10,361.7;63.52K;22/09/2020
10,237.3;10,531.5;10,535.4;10,146.6;74.95K;23/09/2020
10,739.4;10,238.1;10,787.8;10,201.0;82.95K;24/09/2020
10,688.8;10,739.9;10,756.0;10,558.9;71.43K;25/09/2020
10,727.9;10,688.9;10,793.3;10,650.2;37.85K;26/09/2020
10,776.2;10,727.9;10,799.2;10,602.7;40.92K;27/09/2020
10,693.2;10,776.4;10,946.6;10,685.2;72.29K;28/09/2020
10,840.9;10,694.3;10,858.4;10,642.4;59.64K;29/09/2020
10,776.1;10,843.4;10,847.7;10,667.6;55.55K;30/09/2020
10,620.5;10,776.6;10,913.7;10,462.7;95.33K;01/10/2020
10,572.3;10,619.6;10,662.9;10,387.6;77.94K;02/10/2020
10,544.2;10,572.2;10,597.8;10,501.2;29.10K;03/10/2020
10,672.9;10,544.4;10,693.3;10,520.8;31.40K;04/10/2020
10,789.5;10,672.5;10,789.6;10,623.4;48.86K;05/10/2020
10,602.6;10,790.2;10,800.3;10,530.8;69.07K;06/10/2020
10,670.9;10,601.0;10,680.1;10,553.3;49.27K;07/10/2020
10,924.1;10,670.7;10,948.6;10,549.6;79.78K;08/10/2020
11,054.2;10,923.5;11,103.0;10,836.9;70.95K;09/10/2020
11,298.4;11,053.5;11,475.0;11,053.1;65.81K;10/10/2020
11,371.0;11,295.6;11,439.4;11,277.6;41.06K;11/10/2020
11,533.9;11,370.8;11,715.9;11,227.4;84.02K;12/10/2020
11,423.8;11,533.5;11,558.0;11,315.9;64.67K;13/10/2020
11,420.4;11,424.4;11,541.0;11,293.5;59.12K;14/10/2020
11,503.0;11,421.4;11,590.9;11,276.7;70.84K;15/10/2020
11,322.0;11,503.2;11,542.2;11,224.6;71.42K;16/10/2020
11,362.1;11,321.8;11,402.7;11,274.4;29.86K;17/10/2020
11,506.9;11,362.1;11,506.9;11,349.8;31.51K;18/10/2020
11,753.4;11,507.1;11,823.3;11,413.9;73.04K;19/10/2020
11,913.5;11,753.9;12,029.4;11,685.7;94.59K;20/10/2020
12,808.7;11,913.6;13,213.5;11,894.6;197.72K;21/10/2020
12,974.6;12,805.5;13,183.9;12,698.2;113.31K;22/10/2020
12,934.1;12,972.7;13,025.5;12,738.9;73.94K;23/10/2020
13,117.2;12,933.6;13,161.5;12,876.4;51.20K;24/10/2020
13,032.2;13,117.0;13,345.3;12,900.4;59.73K;25/10/2020
13,061.6;13,033.0;13,229.7;12,792.4;89.47K;26/10/2020
13,657.8;13,061.5;13,782.3;13,050.3;128.64K;27/10/2020
13,278.9;13,658.3;13,851.7;12,907.6;144.18K;28/10/2020
13,457.2;13,278.3;13,640.0;12,982.9;111.23K;29/10/2020
13,559.9;13,457.0;13,667.9;13,134.5;108.77K;30/10/2020
13,797.3;13,560.2;14,065.4;13,441.7;102.75K;31/10/2020
13,759.4;13,795.5;13,889.5;13,628.7;51.71K;01/11/2020
13,561.4;13,759.7;13,828.4;13,214.2;97.76K;02/11/2020
14,019.9;13,560.5;14,054.0;13,294.6;108.17K;03/11/2020
14,145.6;14,023.0;14,238.8;13,544.4;140.80K;04/11/2020
15,587.1;14,145.6;15,739.9;14,099.7;227.49K;05/11/2020
15,577.9;15,593.9;15,955.2;15,223.5;186.13K;06/11/2020
14,828.4;15,578.2;15,754.4;14,385.1;160.73K;07/11/2020
15,483.7;14,826.6;15,648.3;14,720.7;94.99K;08/11/2020
15,327.2;15,483.3;15,819.6;14,816.9;165.04K;09/11/2020
15,303.6;15,328.0;15,465.3;15,096.5;93.36K;10/11/2020
15,695.8;15,303.1;15,953.9;15,281.0;119.07K;11/11/2020
16,294.7;15,695.8;16,342.7;15,483.5;165.54K;12/11/2020
16,324.2;16,293.0;16,474.1;15,973.4;113.75K;13/11/2020
16,071.0;16,323.1;16,328.2;15,717.7;83.64K;14/11/2020
15,953.0;16,074.7;16,158.1;15,782.3;58.43K;15/11/2020
16,715.8;15,954.1;16,880.7;15,870.7;118.09K;16/11/2020
17,662.3;16,715.8;17,845.4;16,562.0;175.87K;17/11/2020
17,774.6;17,662.3;18,466.1;17,258.9;233.43K;18/11/2020
17,803.5;17,775.1;18,166.0;17,380.1;135.94K;19/11/2020
18,675.2;17,805.5;18,811.0;17,758.4;134.42K;20/11/2020
18,687.2;18,673.8;18,966.0;18,397.5;108.91K;21/11/2020
18,412.9;18,689.3;18,751.5;17,644.6;121.76K;22/11/2020
18,379.6;18,428.1;18,756.8;18,016.0;127.35K;23/11/2020
19,152.6;18,394.6;19,416.6;18,074.8;180.79K;24/11/2020
18,723.0;19,151.5;19,486.7;18,527.7;146.12K;25/11/2020
17,162.0;18,721.9;18,894.9;16,235.2;312.07K;26/11/2020
17,127.1;17,160.9;17,450.3;16,481.6;138.80K;27/11/2020
17,730.7;17,142.6;17,874.4;16,874.4;95.20K;28/11/2020
18,185.5;17,729.7;18,336.3;17,530.4;79.12K;29/11/2020
19,698.1;18,186.0;19,831.2;18,186.0;185.59K;30/11/2020
18,770.7;19,697.8;19,897.4;18,257.0;208.72K;01/12/2020
19,218.8;18,767.9;19,335.5;18,346.7;91.92K;02/12/2020
19,433.3;19,219.8;19,596.6;18,883.7;99.97K;03/12/2020
18,658.1;19,431.1;19,529.5;18,610.8;110.63K;04/12/2020
19,146.5;18,657.5;19,172.7;18,507.1;59.44K;05/12/2020
19,379.9;19,146.0;19,417.1;18,873.0;54.56K;06/12/2020
19,170.7;19,368.4;19,424.6;18,908.8;61.98K;07/12/2020
18,326.6;19,170.8;19,288.6;18,229.2;101.41K;08/12/2020
18,546.0;18,322.4;18,637.9;17,658.8;129.72K;09/12/2020
18,247.2;18,546.1;18,551.8;17,926.8;85.31K;10/12/2020
18,023.6;18,250.5;18,288.3;17,600.1;111.53K;11/12/2020
18,808.9;18,026.7;18,936.2;18,025.1;71.37K;12/12/2020
19,176.8;18,808.1;19,403.6;18,716.8;82.45K;13/12/2020
19,273.8;19,176.4;19,346.5;19,007.0;67.11K;14/12/2020
19,434.9;19,273.9;19,556.3;19,076.2;98.39K;15/12/2020
21,352.2;19,434.7;21,525.3;19,299.7;199.81K;16/12/2020
22,825.4;21,352.3;23,738.0;21,243.1;310.74K;17/12/2020
23,127.9;22,823.3;23,272.8;22,361.5;131.80K;18/12/2020
23,844.0;23,127.6;24,107.1;22,797.0;133.88K;19/12/2020
23,474.9;23,843.6;24,280.9;23,098.9;114.09K;20/12/2020
22,728.5;23,474.1;24,101.9;22,015.5;154.69K;21/12/2020
23,823.2;22,730.4;23,825.4;22,388.6;130.75K;22/12/2020
23,257.9;23,820.8;24,063.7;22,694.7;178.47K;23/12/2020
23,736.5;23,253.2;23,783.7;22,737.3;104.59K;24/12/2020
24,689.6;23,728.7;24,778.9;23,445.3;2.40K;25/12/2020
26,454.4;24,714.7;26,826.0;24,515.1;155.77K;26/12/2020
26,261.3;26,460.3;28,360.3;25,858.2;231.23K;27/12/2020
27,057.8;26,259.2;27,444.9;26,144.3;126.98K;28/12/2020
27,376.0;27,065.3;27,390.7;25,902.8;119.57K;29/12/2020
28,868.7;27,374.5;28,979.3;27,374.5;159.82K;30/12/2020
28,949.4;28,866.8;29,298.8;28,025.0;136.69K;31/12/2020
29,359.9;28,951.7;29,627.1;28,712.4;100.90K;01/01/2021
32,193.3;29,359.7;33,233.5;29,008.0;240.87K;02/01/2021
32,958.9;32,192.9;34,755.9;32,029.6;155.21K;03/01/2021
32,022.6;33,016.6;33,587.5;28,204.5;255.27K;04/01/2021
33,991.5;32,015.4;34,414.7;30,010.5;202.13K;05/01/2021
36,793.2;33,999.3;36,934.8;33,408.3;227.56K;06/01/2021
39,460.2;36,798.5;40,340.9;36,361.2;249.60K;07/01/2021
40,599.3;39,466.4;41,921.7;36,613.4;251.29K;08/01/2021
40,151.9;40,607.2;41,363.5;38,775.1;128.42K;09/01/2021
38,192.2;40,149.7;41,362.4;35,141.6;215.78K;10/01/2021
35,544.3;38,195.3;38,217.2;30,411.6;251.04K;11/01/2021
34,076.1;35,426.0;36,598.7;32,572.7;241.93K;12/01/2021
37,382.2;34,061.2;37,764.6;32,451.9;209.93K;13/01/2021
39,175.7;37,383.4;40,054.3;36,772.1;172.40K;14/01/2021
36,845.8;39,175.7;39,715.0;34,488.7;118.42K;15/01/2021
36,019.5;36,751.8;37,931.7;35,408.4;137.02K;16/01/2021
35,839.6;36,020.1;36,801.3;33,883.5;126.82K;17/01/2021
36,613.2;35,838.2;37,436.8;34,801.0;111.52K;18/01/2021
36,002.9;36,630.6;37,821.0;36,001.4;79.11K;19/01/2021
35,476.3;35,862.1;36,384.4;33,444.5;153.61K;20/01/2021
30,842.1;35,472.3;35,591.1;30,101.8;253.27K;21/01/2021
33,000.5;30,838.7;33,821.2;28,871.2;243.09K;22/01/2021
32,088.9;32,994.1;33,441.4;31,418.2;100.70K;23/01/2021
32,241.3;32,088.5;33,034.8;30,982.9;88.21K;24/01/2021
32,252.3;32,244.3;34,854.3;31,967.4;142.43K;25/01/2021
32,502.1;32,244.1;32,917.7;30,850.0;139.84K;26/01/2021
30,404.0;32,499.6;32,545.4;29,290.4;194.35K;27/01/2021
33,374.8;30,408.9;33,790.8;29,911.9;167.39K;28/01/2021
34,301.8;33,381.7;38,546.0;31,953.3;297.73K;29/01/2021
34,283.1;34,300.0;34,920.9;32,908.5;128.57K;30/01/2021
33,108.1;34,281.6;34,348.3;32,189.9;101.92K;31/01/2021
33,515.7;33,106.8;34,685.6;32,324.9;126.32K;01/02/2021
35,485.2;33,514.0;35,976.1;33,462.4;120.85K;02/02/2021
37,646.8;35,486.9;37,646.8;35,401.5;131.03K;03/02/2021
36,982.1;37,648.9;38,707.9;36,380.8;151.44K;04/02/2021
38,297.6;36,976.4;38,303.6;36,640.0;100.60K;05/02/2021
39,256.6;38,300.6;40,939.7;38,275.3;156.02K;06/02/2021
38,852.9;39,228.9;39,691.7;37,381.6;125.37K;07/02/2021
46,395.7;38,853.6;46,596.4;38,057.0;248.47K;08/02/2021
46,508.6;46,396.4;48,143.5;45,104.7;193.87K;09/02/2021
44,836.0;46,507.8;47,295.3;43,800.5;151.83K;10/02/2021
47,990.7;44,834.8;48,622.1;44,041.1;145.77K;11/02/2021
47,371.7;47,995.0;48,927.4;46,218.6;133.73K;12/02/2021
47,168.7;47,373.1;48,097.3;46,270.5;89.42K;13/02/2021
48,643.4;47,172.1;49,695.1;47,051.9;106.50K;14/02/2021
47,936.3;48,611.1;48,936.5;45,786.1;123.18K;15/02/2021
49,169.7;47,934.2;50,515.8;47,044.4;141.37K;16/02/2021
52,079.2;49,161.3;52,577.7;49,018.1;140.03K;17/02/2021
51,582.2;52,094.5;52,524.0;50,941.6;94.35K;18/02/2021
55,906.6;51,590.1;56,238.5;50,816.8;139.43K;19/02/2021
55,923.7;55,922.0;57,523.8;54,124.1;127.85K;20/02/2021
57,433.8;55,907.6;58,335.1;55,502.7;87.26K;21/02/2021
54,111.8;57,437.6;57,480.8;48,353.8;244.95K;22/02/2021
48,911.2;54,114.1;54,115.0;45,093.8;315.07K;23/02/2021
49,697.5;48,911.1;51,311.8;47,031.7;153.75K;24/02/2021
46,928.5;49,695.9;52,013.8;46,773.7;83.22K;25/02/2021
46,345.6;46,928.5;48,413.9;44,248.2;189.41K;26/02/2021
46,136.7;46,333.1;48,335.1;45,059.4;98.75K;27/02/2021
45,164.0;46,136.0;46,582.0;43,100.6;135.08K;28/02/2021
49,595.5;45,160.5;49,774.0;45,008.8;137.52K;01/03/2021
48,424.2;49,595.6;50,191.9;47,100.6;102.10K;02/03/2021
50,395.1;48,422.2;52,567.9;48,159.2;44.93K;03/03/2021
48,428.0;50,388.0;51,757.7;47,521.8;9.56K;04/03/2021
48,792.5;48,363.6;49,429.4;46,370.1;113.64K;05/03/2021
48,855.6;48,798.7;49,191.8;47,132.8;66.66K;06/03/2021
50,982.3;48,899.0;51,434.1;48,890.6;82.91K;07/03/2021
52,311.0;50,988.9;52,384.9;49,338.1;68.14K;08/03/2021
54,879.0;52,352.4;54,880.6;51,941.3;114.06K;09/03/2021
55,851.9;54,882.7;57,328.7;53,073.6;140.96K;10/03/2021
57,799.5;55,851.2;58,135.0;54,351.8;129.63K;11/03/2021
57,265.1;57,806.2;58,052.3;55,134.5;116.96K;12/03/2021
61,195.3;57,267.4;61,795.8;56,118.8;134.64K;13/03/2021
59,113.7;61,192.7;61,673.7;59,113.7;80.29K;14/03/2021
55,791.3;59,117.4;60,565.9;55,088.8;117.71K;15/03/2021
56,889.7;55,619.5;56,889.7;53,342.6;128.51K;16/03/2021
58,913.5;56,892.9;58,933.2;54,253.2;118.26K;17/03/2021
57,656.0;58,911.8;60,088.0;57,099.6;102.62K;18/03/2021
58,088.0;57,645.0;59,448.3;56,305.1;83.98K;19/03/2021
58,093.4;58,084.1;59,882.1;57,863.0;67.83K;20/03/2021
57,383.8;58,097.4;58,583.8;55,583.3;77.47K;21/03/2021
54,158.3;57,379.3;58,379.9;53,784.2;95.53K;22/03/2021
54,452.5;54,117.5;55,813.8;52,992.3;84.84K;23/03/2021
52,325.4;54,309.1;57,169.4;51,725.4;137.91K;24/03/2021
51,322.3;52,330.0;53,175.4;50,441.3;143.35K;25/03/2021
55,036.1;51,317.4;55,074.1;51,302.0;100.30K;26/03/2021
55,862.9;55,033.8;56,531.1;54,010.2;73.87K;27/03/2021
55,765.2;55,856.9;56,504.2;54,711.3;58.71K;28/03/2021
57,616.2;55,764.7;58,392.6;54,951.1;107.91K;29/03/2021
58,771.3;57,614.6;59,366.9;57,077.1;86.21K;30/03/2021
58,763.7;58,771.4;59,795.6;56,991.6;98.06K;31/03/2021
58,718.3;58,763.2;59,406.5;58,040.7;69.04K;01/04/2021
58,977.3;58,718.2;60,134.9;58,466.5;72.37K;02/04/2021
57,059.9;58,976.8;59,770.5;56,906.7;68.74K;03/04/2021
58,199.9;57,059.7;58,464.8;56,470.6;57.21K;04/04/2021
58,993.4;58,202.3;59,205.1;56,842.7;54.13K;05/04/2021
57,996.3;59,169.0;59,487.0;57,403.3;77.15K;06/04/2021
55,948.7;57,996.3;58,627.7;55,489.3;110.69K;07/04/2021
58,077.4;55,948.0;58,136.7;55,721.6;64.78K;08/04/2021
58,118.7;58,076.8;58,890.9;57,686.0;59.22K;09/04/2021
59,748.4;58,127.4;61,229.0;57,900.0;103.72K;10/04/2021
59,978.7;59,772.4;60,667.1;59,250.3;58.20K;11/04/2021
59,863.8;59,982.1;61,259.9;59,569.2;81.88K;12/04/2021
63,540.9;59,863.6;63,659.0;59,839.4;126.56K;13/04/2021
62,980.4;63,544.2;64,778.0;61,366.3;130.43K;14/04/2021
63,216.0;62,978.6;63,729.1;62,067.5;76.97K;15/04/2021
61,379.7;63,211.6;63,518.5;60,027.3;136.85K;16/04/2021
60,041.9;61,358.3;62,509.1;59,672.1;84.08K;17/04/2021
56,207.1;60,043.2;60,362.1;51,817.6;216.81K;18/04/2021
55,646.1;56,208.1;57,517.0;54,272.3;117.51K;19/04/2021
56,483.2;55,645.1;57,054.9;53,422.5;115.49K;20/04/2021
53,820.2;56,479.5;56,764.4;53,657.6;100.26K;21/04/2021
51,729.5;53,821.3;55,408.4;50,590.9;168.13K;22/04/2021
51,143.6;51,707.1;52,099.9;47,659.4;214.46K;23/04/2021
50,088.9;51,140.8;51,183.0;48,775.2;82.25K;24/04/2021
48,963.6;50,088.2;50,532.4;47,098.5;59.20K;25/04/2021
54,020.5;48,963.5;54,320.9;48,815.9;129.76K;26/04/2021
55,036.5;54,011.1;55,427.8;53,345.0;84.08K;27/04/2021
54,841.4;55,036.0;56,419.9;53,876.4;86.96K;28/04/2021
53,560.8;54,838.6;55,173.7;52,400.0;83.90K;29/04/2021
57,720.3;53,562.3;57,925.6;53,088.7;103.74K;30/04/2021
57,807.1;57,719.1;58,449.4;57,029.5;63.41K;01/05/2021
56,603.8;57,807.2;57,868.4;56,110.5;53.61K;02/05/2021
57,169.8;56,605.8;58,925.1;56,562.4;89.24K;03/05/2021
53,741.5;57,170.6;57,201.3;53,741.5;132.33K;04/05/2021
57,441.3;53,872.5;57,936.4;53,872.5;119.82K;05/05/2021
56,405.4;57,441.0;58,364.9;55,294.5;109.02K;06/05/2021
57,337.2;56,411.4;58,639.3;55,300.1;110.01K;07/05/2021
58,840.1;57,330.3;59,471.1;56,972.2;101.27K;08/05/2021
58,238.3;58,840.6;59,227.0;56,414.4;103.59K;09/05/2021
55,848.9;58,251.2;59,523.9;53,678.3;142.61K;10/05/2021
56,695.7;55,846.1;56,871.1;54,550.4;96.47K;11/05/2021
49,384.2;56,694.5;57,938.5;49,187.0;160.74K;12/05/2021
49,704.6;49,398.2;51,337.3;46,331.1;236.71K;13/05/2021
49,839.8;49,704.9;51,459.2;48,874.0;118.84K;14/05/2021
46,708.8;49,839.1;50,640.9;46,650.2;131.91K;15/05/2021
46,426.4;46,729.3;49,764.3;43,920.8;180.07K;16/05/2021
43,541.3;46,424.2;46,545.4;42,201.5;274.76K;17/05/2021
42,897.3;43,538.5;45,770.9;42,293.9;154.96K;18/05/2021
36,720.5;42,898.3;43,516.6;30,261.7;607.10K;19/05/2021
40,717.2;36,706.8;42,425.9;35,010.4;269.75K;20/05/2021
37,297.4;40,611.2;42,108.3;33,592.3;315.50K;21/05/2021
37,448.3;37,291.0;38,776.0;35,314.9;185.83K;22/05/2021
34,679.7;37,446.8;38,248.7;31,192.4;325.73K;23/05/2021
38,750.6;34,720.3;39,851.7;34,474.6;244.88K;24/05/2021
38,378.3;38,753.6;39,740.8;36,540.7;163.01K;25/05/2021
39,249.2;38,375.7;40,750.0;37,847.0;153.80K;26/05/2021
38,417.3;39,249.0;40,322.2;37,190.8;122.93K;27/05/2021
35,662.5;38,543.2;38,844.1;34,772.4;199.58K;28/05/2021
34,584.6;35,664.5;37,227.1;33,664.2;160.43K;29/05/2021
35,652.8;34,589.3;36,388.6;33,441.0;104.18K;30/05/2021
37,298.6;35,644.0;37,480.7;34,213.2;131.70K;31/05/2021
36,687.6;37,294.3;37,850.3;35,742.7;113.48K;01/06/2021
37,555.8;36,687.7;38,199.9;35,981.1;96.89K;02/06/2021
39,187.3;37,555.7;39,462.3;37,193.6;106.44K;03/06/2021
36,851.3;39,191.4;39,255.4;35,659.9;127.71K;04/06/2021
35,520.0;36,841.2;37,887.6;34,832.0;101.48K;05/06/2021
35,815.4;35,518.7;36,434.0;35,265.3;62.20K;06/06/2021
33,578.0;35,815.4;36,754.6;33,410.1;119.50K;07/06/2021
33,382.9;33,574.6;34,047.8;31,158.1;193.54K;08/06/2021
37,332.2;33,385.5;37,517.6;32,428.6;209.82K;09/06/2021
36,649.4;37,375.2;38,340.8;35,824.0;154.32K;10/06/2021
37,314.6;36,654.3;37,641.1;36,003.3;109.15K;11/06/2021
35,467.5;37,334.4;37,437.3;34,703.3;87.73K;12/06/2021
39,022.9;35,467.5;39,321.6;34,827.0;123.32K;13/06/2021
40,529.4;39,024.1;40,970.4;38,769.9;157.35K;14/06/2021
40,156.1;40,522.5;41,318.0;39,589.9;117.55K;15/06/2021
38,336.0;40,148.1;40,494.4;38,156.4;123.52K;16/06/2021
38,052.0;38,337.8;39,529.9;37,425.3;109.58K;17/06/2021
35,749.4;38,045.5;38,166.0;35,198.5;102.84K;18/06/2021
35,513.4;35,770.0;36,357.3;34,845.5;105.46K;19/06/2021
35,595.8;35,510.9;36,097.9;33,378.0;137.48K;20/06/2021
31,692.0;35,597.9;35,708.4;31,284.1;256.87K;21/06/2021
32,496.4;31,682.7;33,272.5;28,901.8;309.65K;22/06/2021
33,674.3;32,498.3;34,784.3;31,736.5;173.34K;23/06/2021
34,665.8;33,678.1;35,249.9;32,356.7;119.25K;24/06/2021
31,594.0;34,660.5;35,490.9;31,337.9;193.43K;25/06/2021
32,243.4;31,592.1;32,643.0;30,206.9;156.67K;26/06/2021
34,678.5;32,247.1;34,685.5;32,041.7;148.80K;27/06/2021
34,475.9;34,682.2;35,231.2;33,944.9;112.00K;28/06/2021
35,834.7;34,477.3;36,590.3;34,247.6;97.27K;29/06/2021
35,026.9;35,832.6;36,089.5;34,126.6;107.07K;30/06/2021
39,878.3;41,510.0;42,565.0;39,556.5;80.33K;01/07/2021
33,543.6;35,030.7;35,032.7;32,839.2;27.41K;01/07/2021
39,168.4;39,869.8;40,449.0;38,692.5;74.81K;02/07/2021
33,813.4;33,542.2;33,925.9;32,734.6;78.93K;02/07/2021
38,130.3;39,167.4;39,766.6;37,688.2;0.26K;03/07/2021
34,742.8;33,814.2;34,909.8;33,363.3;55.69K;03/07/2021
39,736.9;38,188.4;39,956.5;37,556.0;79.22K;04/07/2021
35,298.2;34,742.8;35,957.6;34,740.1;56.13K;04/07/2021
40,867.2;39,734.4;41,366.3;37,365.4;130.60K;05/07/2021
33,687.8;35,297.0;35,300.5;33,164.1;88.36K;05/07/2021
42,795.4;40,868.4;43,253.4;39,905.4;111.93K;06/07/2021
34,225.6;33,688.5;35,062.0;33,581.7;83.63K;06/07/2021
44,614.2;42,784.7;44,697.3;42,611.0;112.84K;07/07/2021
33,867.8;34,228.7;35,036.6;33,801.3;72.03K;07/07/2021
43,792.8;44,584.9;45,284.1;43,314.4;105.25K;08/07/2021
32,866.3;33,859.4;33,923.2;32,146.9;108.09K;08/07/2021
46,284.3;43,794.9;46,460.7;42,824.1;117.08K;09/07/2021
33,797.4;32,866.3;34,079.2;32,367.0;67.14K;09/07/2021
45,593.8;46,281.8;46,663.4;44,681.2;80.55K;10/07/2021
33,510.6;33,797.7;34,221.0;33,056.8;50.94K;10/07/2021
45,564.3;45,593.2;46,736.5;45,367.9;75.43K;11/07/2021
34,227.7;33,510.8;34,580.6;33,319.8;35.72K;11/07/2021
44,403.4;45,562.3;46,213.8;43,814.7;81.07K;12/07/2021
33,113.0;34,228.3;34,598.0;32,662.8;63.24K;12/07/2021
47,809.1;44,404.0;47,836.0;44,242.4;75.27K;13/07/2021
32,728.1;33,106.1;33,307.7;32,259.5;60.04K;13/07/2021
47,081.5;47,809.6;48,090.9;46,117.2;64.29K;14/07/2021
32,820.7;32,727.8;33,051.9;31,611.2;69.56K;14/07/2021
46,991.3;47,082.6;47,344.1;45,564.1;58.11K;15/07/2021
31,840.5;32,820.5;33,157.0;31,175.8;76.95K;15/07/2021
45,996.3;46,991.6;48,002.4;45,672.1;2.41K;16/07/2021
31,394.0;31,842.3;32,239.8;31,062.2;70.48K;16/07/2021
44,691.6;45,907.5;47,140.6;44,441.3;84.14K;17/07/2021
31,518.6;31,384.4;31,914.8;31,207.8;58.06K;17/07/2021
44,723.8;44,691.1;46,004.9;44,230.0;22.36K;18/07/2021
31,785.4;31,517.9;32,408.2;31,220.6;57.01K;18/07/2021
46,755.9;44,725.9;47,012.3;43,986.7;77.92K;19/07/2021
30,837.2;31,782.9;31,887.0;30,478.2;77.48K;19/07/2021
49,324.0;46,756.7;49,343.3;46,646.8;83.19K;20/07/2021
29,793.8;30,835.4;31,040.8;29,310.2;97.46K;20/07/2021
48,875.8;49,330.0;49,719.1;48,293.5;18.20K;21/07/2021
32,131.4;29,794.7;32,794.6;29,519.3;118.34K;21/07/2021
49,254.5;48,870.4;49,480.3;48,151.0;49.32K;22/07/2021
32,298.9;32,131.7;32,585.4;31,729.4;64.87K;22/07/2021
49,539.7;49,255.4;50,498.8;49,038.6;75.37K;23/07/2021
33,603.3;32,297.9;33,605.6;32,041.1;66.15K;23/07/2021
47,714.7;49,532.5;49,847.4;47,623.6;74.26K;24/07/2021
33,824.8;33,600.5;33,955.0;33,412.9;67.14K;24/07/2021
48,994.5;47,707.4;49,230.2;47,163.3;63.54K;25/07/2021
35,391.1;34,392.5;35,391.1;33,881.3;65.10K;25/07/2021
46,831.6;48,994.4;49,347.8;46,360.4;73.79K;26/07/2021
37,276.6;35,392.3;40,522.9;35,236.7;177.63K;26/07/2021
49,064.3;46,830.2;49,142.0;46,371.5;62.47K;27/07/2021
39,452.0;37,294.3;39,455.9;36,427.4;100.24K;27/07/2021
48,897.1;49,062.8;49,289.4;48,428.5;36.73K;28/07/2021
40,003.2;39,450.4;40,862.2;38,883.8;148.92K;28/07/2021
48,777.4;48,899.7;49,621.7;47,870.1;47.62K;29/07/2021
40,001.4;40,009.0;40,630.7;39,340.8;75.30K;29/07/2021
46,992.7;48,777.1;48,886.0;46,876.9;61.68K;30/07/2021
42,203.4;40,001.1;42,264.4;38,358.4;98.45K;30/07/2021
47,130.4;46,989.1;48,217.0;46,709.3;71.48K;31/07/2021
41,553.7;42,201.4;42,285.3;41,066.4;44.65K;31/07/2021
48,819.4;47,129.2;49,121.0;46,533.1;74.38K;01/09/2021
49,274.3;48,817.8;50,355.3;48,612.9;80.21K;02/09/2021
49,999.0;49,269.5;51,008.8;48,377.3;88.08K;03/09/2021
49,918.4;49,999.3;50,534.6;49,461.4;48.14K;04/09/2021
51,768.6;49,918.7;51,878.2;49,492.4;57.30K;05/09/2021
52,672.1;51,769.4;52,726.2;51,002.8;69.46K;06/09/2021
46,779.6;52,674.2;52,885.3;43,072.4;187.56K;07/09/2021
46,061.4;46,774.1;47,316.9;44,493.7;100.48K;08/09/2021
46,385.6;46,057.6;47,305.7;45,609.0;73.63K;09/09/2021
44,842.8;46,385.9;47,021.6;44,283.6;75.62K;10/09/2021
45,161.9;44,844.9;45,975.6;44,766.6;41.58K;11/09/2021
46,062.3;45,162.6;46,386.4;44,755.2;44.52K;12/09/2021
44,949.5;46,060.8;46,807.7;43,463.2;96.15K;13/09/2021
47,077.5;44,950.2;47,247.6;44,718.7;65.33K;14/09/2021
48,130.6;47,070.8;48,436.5;46,743.9;63.40K;15/09/2021
47,748.0;48,132.3;48,480.6;47,040.3;60.91K;16/09/2021
47,282.8;47,748.2;48,155.9;46,788.8;50.16K;17/09/2021
48,306.7;47,283.9;48,761.0;47,070.5;43.64K;18/09/2021
47,238.7;48,299.9;48,341.9;46,866.6;41.98K;19/09/2021
42,870.6;47,240.8;47,323.9;42,547.1;77.96K;20/09/2021
40,651.3;43,012.3;43,619.3;39,646.8;142.55K;21/09/2021
43,551.6;40,660.8;43,976.7;40,585.7;93.98K;22/09/2021
44,869.2;43,550.7;44,949.8;43,090.1;74.54K;23/09/2021
42,819.9;44,867.4;45,112.0;40,908.5;128.88K;24/09/2021
42,686.8;42,818.7;42,959.3;41,714.5;46.35K;25/09/2021
43,203.4;42,685.8;43,907.3;40,786.6;69.91K;26/09/2021
42,172.6;43,200.9;44,293.2;42,143.9;54.12K;27/09/2021
41,022.3;42,169.9;42,758.8;40,906.4;60.01K;28/09/2021
41,536.8;41,023.1;42,571.2;40,815.0;48.21K;29/09/2021
43,823.3;41,534.5;44,101.2;41,416.7;64.32K;30/09/2021
48,146.0;43,824.4;48,435.2;43,292.9;94.66K;01/10/2021
47,666.9;48,147.2;48,306.9;47,451.7;39.82K;02/10/2021
48,200.1;47,665.4;49,165.2;47,123.0;42.41K;03/10/2021
49,227.3;48,200.4;49,481.7;46,958.6;66.92K;04/10/2021
51,469.3;49,229.5;51,872.4;49,060.1;76.63K;05/10/2021
55,323.2;51,470.0;55,676.1;50,439.5;116.26K;06/10/2021
53,783.9;55,325.2;55,325.6;53,476.4;75.68K;07/10/2021
53,914.7;53,785.5;55,977.9;53,659.3;64.05K;08/10/2021
54,942.5;53,924.1;55,430.8;53,711.7;64.65K;09/10/2021
54,687.7;54,942.5;56,432.2;54,100.8;104.43K;10/10/2021
57,477.3;54,686.9;57,814.1;54,457.8;73.84K;11/10/2021
56,015.9;57,480.6;57,635.7;54,155.4;74.85K;12/10/2021
57,380.1;56,014.5;57,697.4;54,314.4;73.62K;13/10/2021
57,345.8;57,370.4;58,506.5;56,866.8;59.84K;14/10/2021
61,672.5;57,348.2;62,892.8;56,874.8;121.48K;15/10/2021
60,861.1;61,669.2;62,329.2;60,161.9;49.93K;16/10/2021
61,527.5;60,865.5;61,651.4;59,143.4;53.39K;17/10/2021
62,056.3;61,525.8;62,623.6;60,026.9;80.15K;18/10/2021
64,278.5;62,030.2;64,454.0;61,451.0;80.16K;19/10/2021
65,979.1;64,276.9;66,967.1;63,543.7;79.87K;20/10/2021
62,210.2;66,004.6;66,616.9;62,092.1;105.38K;21/10/2021
60,690.3;62,200.8;63,699.7;60,055.7;75.69K;22/10/2021
61,312.5;60,693.2;61,728.7;59,738.3;37.05K;23/10/2021
60,866.5;61,308.2;61,469.9;59,523.7;42.67K;24/10/2021
63,067.0;60,864.3;63,694.8;60,655.8;51.06K;25/10/2021
60,310.8;63,067.5;63,275.1;59,907.3;57.13K;26/10/2021
58,438.1;60,312.5;61,452.9;58,112.6;88.11K;27/10/2021
60,582.5;58,437.2;62,251.3;58,128.1;88.47K;28/10/2021
62,242.8;60,579.9;62,952.2;60,322.2;63.39K;29/10/2021
61,840.1;62,245.0;62,338.5;60,786.0;40.51K;30/10/2021
61,309.6;61,842.2;62,393.7;60,005.7;50.06K;31/10/2021
60,915.3;61,310.1;62,430.1;59,612.7;61.21K;01/11/2021
63,221.7;60,912.2;64,256.4;60,651.5;65.26K;02/11/2021
62,918.5;63,223.5;63,508.6;60,883.0;61.05K;03/11/2021
61,412.6;62,915.4;63,077.6;60,742.9;49.91K;04/11/2021
60,974.3;61,411.5;62,560.3;60,742.4;44.46K;05/11/2021
61,483.9;60,973.2;61,543.2;60,093.6;34.89K;06/11/2021
63,273.2;61,483.8;63,273.2;61,347.2;34.34K;07/11/2021
67,527.9;63,276.4;67,763.3;63,276.4;81.08K;08/11/2021
66,904.4;67,528.7;68,493.3;66,334.9;66.13K;09/11/2021
64,932.6;66,942.6;68,990.6;62,951.3;96.21K;10/11/2021
64,806.7;64,922.8;65,583.3;64,121.9;50.37K;11/11/2021
64,134.5;64,782.6;65,449.7;62,309.7;63.27K;12/11/2021
64,398.6;64,133.3;64,906.0;63,381.4;30.34K;13/11/2021
65,508.2;64,397.2;65,508.2;63,608.3;33.98K;14/11/2021
63,597.9;65,514.9;66,311.2;63,439.5;53.53K;15/11/2021
60,089.1;63,605.1;63,605.6;58,655.9;115.36K;16/11/2021
60,367.8;60,074.2;60,814.5;58,531.9;73.93K;17/11/2021
56,955.3;60,368.2;60,936.9;56,524.4;100.37K;18/11/2021
58,083.4;56,908.3;58,335.9;55,626.3;74.44K;19/11/2021
59,717.6;58,080.8;59,854.6;57,435.3;44.53K;20/11/2021
58,714.3;59,724.0;60,002.6;58,528.3;40.98K;21/11/2021
56,308.8;58,719.7;59,288.3;55,656.8;76.45K;22/11/2021
57,573.2;56,304.8;57,855.1;55,542.5;72.48K;23/11/2021
57,171.7;57,559.4;57,697.4;55,910.6;56.68K;24/11/2021
58,935.1;57,167.1;59,387.3;57,029.8;56.79K;25/11/2021
53,730.9;58,937.3;59,151.1;53,533.5;104.03K;26/11/2021
54,765.9;53,747.2;55,280.3;53,654.3;40.71K;27/11/2021
57,291.5;54,758.0;57,392.3;53,448.3;49.28K;28/11/2021
57,794.8;57,288.1;58,855.2;56,726.7;58.65K;29/11/2021
56,882.9;57,795.2;59,174.4;55,936.9;73.66K;30/11/2021
57,210.3;56,891.7;59,064.3;56,496.5;66.75K;01/12/2021
56,496.0;57,207.8;57,377.5;55,807.9;54.94K;02/12/2021
53,631.5;56,495.2;57,543.6;52,008.9;89.20K;03/12/2021
49,195.2;53,620.7;53,847.2;42,587.8;168.00K;04/12/2021
49,405.5;49,196.4;49,689.3;47,797.8;72.03K;05/12/2021
50,562.1;49,412.1;50,913.3;47,237.9;89.68K;06/12/2021
50,595.2;50,547.4;51,918.6;50,070.9;56.29K;07/12/2021
50,473.9;50,596.6;51,204.7;48,700.7;55.59K;08/12/2021
47,596.6;50,477.6;50,790.2;47,341.9;58.69K;09/12/2021
47,137.2;47,591.7;49,974.8;47,007.1;68.06K;10/12/2021
49,314.5;47,138.4;49,487.0;46,834.0;45.23K;11/12/2021
50,081.0;49,332.5;50,779.2;48,670.5;40.30K;12/12/2021
46,703.6;50,075.9;50,196.1;45,848.2;80.37K;13/12/2021
48,366.5;46,709.8;48,635.0;46,338.3;62.54K;14/12/2021
48,871.5;48,366.2;49,477.9;46,572.6;80.28K;15/12/2021
47,628.2;48,876.6;49,387.8;47,543.9;48.20K;16/12/2021
46,172.2;47,630.4;47,997.2;45,523.8;67.50K;17/12/2021
46,856.2;46,171.8;47,330.2;45,513.4;36.93K;18/12/2021
46,704.5;46,855.7;48,270.2;46,438.4;44.05K;19/12/2021
46,895.2;46,703.4;47,488.9;45,577.3;57.53K;20/12/2021
48,902.0;46,900.1;49,306.1;46,654.0;57.88K;21/12/2021
48,599.7;48,898.7;49,540.3;48,449.7;40.89K;22/12/2021
50,801.0;48,599.6;51,355.6;48,053.4;56.24K;23/12/2021
50,786.1;50,807.4;51,795.3;50,428.4;45.97K;24/12/2021
50,406.4;50,789.6;51,140.2;50,196.8;26.67K;25/12/2021
50,779.9;50,404.0;51,247.0;49,527.0;32.34K;26/12/2021
50,678.2;50,783.6;52,016.3;50,459.0;43.90K;27/12/2021
47,545.2;50,703.4;50,703.8;47,345.7;74.39K;28/12/2021
46,461.7;47,548.4;48,121.7;46,127.8;63.92K;29/12/2021
47,123.3;46,470.7;47,901.4;46,003.0;60.96K;30/12/2021
46,219.5;47,123.3;48,553.9;45,693.6;58.18K;31/12/2021
47,738.0;46,217.5;47,917.6;46,217.5;31.24K;01/01/2022
47,311.8;47,738.7;47,944.9;46,718.2;27.02K;02/01/2022
46,430.2;47,293.9;47,556.0;45,704.0;41.06K;03/01/2022
45,837.3;46,435.7;47,505.4;45,602.1;55.59K;04/01/2022
43,425.9;45,833.1;47,019.4;42,535.1;83.74K;05/01/2022
43,097.5;43,431.6;43,772.3;42,481.1;63.08K;06/01/2022
41,546.7;43,097.9;43,127.7;40,810.0;88.36K;07/01/2022
41,672.0;41,551.3;42,304.4;40,574.3;52.54K;08/01/2022
41,848.3;41,681.2;42,764.4;41,260.9;37.51K;09/01/2022
41,832.2;41,848.9;42,243.8;39,697.0;85.50K;10/01/2022
42,733.2;41,829.1;43,090.2;41,287.6;61.78K;11/01/2022
43,901.0;42,735.0;44,243.6;42,476.7;53.95K;12/01/2022
42,560.0;43,900.0;44,404.7;42,337.5;53.42K;13/01/2022
43,073.3;42,562.2;43,435.1;41,848.7;50.50K;14/01/2022
43,097.0;43,073.6;43,777.9;42,586.1;31.44K;15/01/2022
43,079.1;43,079.2;43,462.0;42,643.3;28.66K;16/01/2022
42,209.3;43,080.5;43,179.6;41,559.4;41.44K;17/01/2022
42,364.6;42,209.9;42,674.2;41,300.7;47.32K;18/01/2022
41,677.8;42,365.3;42,558.0;41,160.9;53.77K;19/01/2022
40,715.9;41,683.6;43,487.1;40,568.3;65.28K;20/01/2022
36,475.5;40,698.1;41,104.6;35,503.9;155.80K;21/01/2022
35,075.2;36,467.7;36,749.8;34,116.0;138.09K;22/01/2022
36,269.5;35,072.9;36,513.0;34,655.2;70.43K;23/01/2022
36,686.3;36,268.6;37,424.0;32,985.6;153.77K;24/01/2022
36,950.6;36,691.3;37,501.8;35,729.3;79.68K;25/01/2022
36,800.4;36,962.3;38,862.6;36,280.0;107.87K;26/01/2022
37,164.3;36,800.1;37,215.4;35,543.2;83.52K;27/01/2022
37,260.9;37,195.6;37,492.7;36,176.5;79.90K;28/01/2022
