date,open,high,low,close,adj_close,volume
2019-10-21,13019.250000,13091.940430,13019.250000,13088.610352,13088.610352,3271620000
2019-10-22,13097.030273,13140.570313,13070.209961,13071.860352,13071.860352,3523890000
2019-10-23,13076.379883,13114.610352,13062.740234,13114.389648,13114.389648,3392870000
2019-10-24,13119.650391,13153.330078,13083.290039,13118.900391,13118.900391,3692600000
2019-10-25,13106.209961,13170.690430,13088.940430,13146.240234,13146.240234,3370370000
2019-10-28,13183.900391,13223.190430,13183.900391,13186.429688,13186.429688,3521230000
2019-10-29,13170.900391,13239.200195,13156.750000,13209.629883,13209.629883,3589930000
2019-10-30,13215.870117,13248.650391,13152.959961,13244.009766,13244.009766,3776030000
2019-10-31,13239.429688,13239.429688,13116.580078,13171.809570,13171.809570,4139280000
2019-11-01,13231.179688,13300.349609,13231.179688,13300.269531,13300.269531,3930200000
2019-11-04,13321.179688,13387.490234,13321.179688,13355.440430,13355.440430,4146850000
2019-11-05,13368.240234,13385.030273,13323.059570,13339.589844,13339.589844,4486130000
2019-11-06,13339.839844,13364.940430,13319.790039,13351.570313,13351.570313,4458190000
2019-11-07,13376.929688,13436.969727,13376.929688,13395.549805,13395.549805,4144640000
2019-11-08,13376.339844,13407.809570,13343.019531,13407.799805,13407.799805,3499150000
2019-11-11,13347.299805,13395.650391,13333.910156,13388.120117,13388.120117,3035530000
2019-11-12,13391.969727,13438.759766,13366.879883,13387.620117,13387.620117,3466010000
2019-11-13,13387.620117,13400.799805,13325.519531,13385.049805,13385.049805,3509280000
2019-11-14,13385.049805,13397.040039,13346.759766,13392.000000,13392.000000,3276070000
2019-11-15,13432.759766,13492.959961,13426.980469,13492.959961,13492.959961,3335650000
2019-11-18,13488.480469,13498.080078,13464.009766,13483.809570,13483.809570,3436690000
2019-11-19,13489.780273,13508.879883,13448.269531,13466.349609,13466.349609,3590070000
2019-11-20,13460.339844,13460.339844,13360.660156,13419.299805,13419.299805,4034890000
2019-11-21,13420.330078,13430.709961,13366.990234,13406.419922,13406.419922,3720560000
2019-11-22,13412.269531,13451.419922,13404.540039,13440.950195,13440.950195,3226780000
2019-11-25,13471.519531,13534.589844,13471.519531,13532.889648,13532.889648,3511530000
2019-11-26,13532.559570,13564.629883,13513.110352,13559.709961,13559.709961,4595590000
2019-11-27,13577.519531,13611.490234,13563.339844,13607.620117,13607.620117,3033090000
2019-11-29,13595.860352,13607.669922,13537.669922,13545.209961,13545.209961,1743020000
2019-12-02,13554.290039,13554.290039,13443.099609,13448.259766,13448.259766,3268740000
2019-12-03,13363.660156,13373.879883,13280.040039,13366.089844,13366.089844,3653390000
2019-12-04,13408.080078,13484.410156,13408.080078,13457.969727,13457.969727,3695030000
2019-12-05,13466.730469,13491.209961,13429.299805,13482.299805,13482.299805,3355750000
2019-12-06,13515.480469,13612.059570,13515.480469,13588.290039,13588.290039,3479480000
2019-12-09,13570.540039,13600.139648,13555.070313,13555.070313,13555.070313,3345990000
2019-12-10,13551.000000,13574.219727,13521.240234,13545.309570,13545.309570,3343790000
2019-12-11,13554.089844,13590.740234,13547.679688,13579.919922,13579.919922,3252540000
2019-12-12,13587.700195,13725.349609,13581.080078,13697.410156,13697.410156,3990690000
2019-12-13,13711.250000,13773.129883,13655.450195,13697.339844,13697.339844,3736870000
2019-12-16,13781.650391,13825.759766,13781.650391,13795.150391,13795.150391,4051790000
2019-12-17,13795.150391,13813.309570,13787.719727,13795.349609,13795.349609,3837540000
2019-12-18,13805.200195,13819.700195,13790.240234,13799.209961,13799.209961,4014080000
2019-12-19,13801.730469,13838.990234,13798.780273,13831.669922,13831.669922,3720450000
2019-12-20,13831.669922,13914.280273,13831.669922,13889.250000,13889.250000,6454270000
2019-12-23,13906.870117,13908.160156,13888.589844,13899.990234,13899.990234,3060610000
2019-12-24,13902.959961,13902.959961,13885.559570,13895.139648,13895.139648,1296540000
2019-12-26,13911.160156,13941.559570,13895.200195,13940.419922,13940.419922,2160680000
2019-12-27,13976.849609,13978.610352,13928.150391,13944.139648,13944.139648,2428670000
2019-12-30,13951.259766,13952.780273,13864.570313,13876.150391,13876.150391,3013290000
2019-12-31,13852.599609,13915.740234,13843.980469,13913.030273,13913.030273,2893810000
2020-01-02,13913.030273,14003.389648,13913.030273,14002.490234,14002.490234,3458250000
2020-01-03,13877.480469,13950.740234,13870.740234,13917.049805,13917.049805,3461290000
2020-01-06,13856.719727,13943.299805,13852.730469,13941.799805,13941.799805,3674070000
2020-01-07,13911.190430,13923.509766,13880.530273,13898.450195,13898.450195,3420380000
2020-01-08,13897.009766,13986.690430,13896.589844,13934.440430,13934.440430,3720890000
2020-01-09,13974.070313,14004.419922,13960.169922,13997.650391,13997.650391,3638390000
2020-01-10,14018.120117,14021.650391,13941.519531,13957.969727,13957.969727,3212970000
2020-01-13,13980.469727,14042.650391,13963.870117,14042.650391,14042.650391,3456380000
2020-01-14,14024.230469,14068.580078,14005.629883,14037.129883,14037.129883,3665130000
2020-01-15,14022.299805,14089.940430,14021.179688,14053.230469,14053.230469,3716840000
2020-01-16,14103.530273,14142.309570,14094.879883,14141.780273,14141.780273,3535080000
2020-01-17,14168.139648,14183.259766,14156.400391,14183.200195,14183.200195,3698170000
2020-01-21,14126.120117,14153.019531,14102.389648,14109.980469,14109.980469,4105340000
2020-01-22,14147.889648,14168.200195,14104.059570,14110.240234,14110.240234,3619850000
2020-01-23,14064.280273,14109.589844,14003.280273,14102.040039,14102.040039,3764860000
2020-01-24,14120.019531,14120.019531,13920.570313,13978.469727,13978.469727,3707130000
2020-01-27,13746.629883,13826.429688,13742.009766,13769.599609,13769.599609,3823100000
2020-01-28,13812.650391,13913.589844,13798.339844,13877.610352,13877.610352,3526720000
2020-01-29,13912.790039,13922.440430,13843.790039,13843.809570,13843.809570,3584500000
2020-01-30,13745.200195,13869.639648,13699.809570,13861.919922,13861.919922,3787250000
2020-01-31,13783.809570,13788.219727,13573.040039,13614.099609,13614.099609,4527830000
2020-02-03,13655.889648,13765.330078,13655.889648,13677.919922,13677.919922,3757910000
2020-02-04,13826.099609,13920.629883,13826.099609,13862.839844,13862.839844,3995320000
2020-02-05,13964.000000,14029.910156,13947.589844,14024.860352,14024.860352,4117730000
2020-02-06,14066.900391,14069.330078,14023.480469,14034.950195,14034.950195,3868370000
2020-02-07,13987.509766,13987.509766,13912.040039,13931.929688,13931.929688,3730650000
2020-02-10,13904.019531,13984.549805,13899.530273,13984.480469,13984.480469,3450350000
2020-02-11,13984.480469,14100.269531,13984.480469,14054.080078,14054.080078,3760550000
2020-02-12,14117.830078,14148.240234,14108.519531,14136.980469,14136.980469,3926380000
2020-02-13,14069.250000,14132.879883,14049.129883,14099.040039,14099.040039,3498240000
2020-02-14,14104.769531,14110.190430,14046.599609,14097.339844,14097.339844,3398040000
2020-02-18,14047.910156,14072.690430,13990.700195,14039.009766,14039.009766,3746720000
2020-02-19,14077.509766,14115.950195,14066.240234,14087.129883,14087.129883,3600150000
2020-02-20,14061.040039,14104.919922,13955.750000,14061.480469,14061.480469,4007320000
2020-02-21,14014.629883,14014.629883,13931.129883,13975.780273,13975.780273,3899270000
2020-02-24,13654.000000,13654.000000,13493.679688,13534.120117,13534.120117,4842960000
2020-02-25,13570.209961,13582.740234,13110.089844,13143.730469,13143.730469,5591510000
2020-02-26,13194.309570,13323.339844,13041.940430,13046.620117,13046.620117,5478110000
2020-02-27,12841.400391,12977.179688,12544.990234,12547.250000,12547.250000,7058840000
2020-02-28,12547.250000,12547.250000,12024.450195,12380.969727,12380.969727,8563850000
2020-03-02,12441.429688,12830.129883,12316.179688,12827.990234,12827.990234,6376400000
2020-03-03,12845.059570,13015.660156,12432.519531,12542.740234,12542.740234,6355940000
2020-03-04,12696.610352,13011.450195,12673.900391,13009.959961,13009.959961,5035480000
2020-03-05,12740.860352,12786.639648,12489.769531,12593.030273,12593.030273,5575550000
2020-03-06,12593.030273,12593.030273,12106.740234,12352.030273,12352.030273,6552140000
2020-03-09,11748.610352,11748.610352,11240.769531,11298.429688,11298.429688,8423050000
2020-03-10,11635.219727,11794.009766,11246.519531,11793.269531,11793.269531,7635960000
2020-03-11,11523.940430,11523.940430,11053.790039,11177.290039,11177.290039,7374110000
2020-03-12,10466.700195,10646.919922,10054.469727,10060.759766,10060.759766,8829380000
2020-03-13,10445.440430,10851.750000,10060.349609,10851.740234,10851.740234,8258670000
2020-03-16,10851.980469,10851.980469,9559.230469,9567.530273,9567.530273,7781540000
2020-03-17,9726.179688,10154.160156,9484.650391,10063.360352,10063.360352,8358500000
2020-03-18,9562.490234,9666.570313,8953.599609,9384.599609,9384.599609,8755780000
2020-03-19,9313.759766,9622.209961,9048.360352,9461.309570,9461.309570,7946710000
2020-03-20,9577.900391,9676.940430,9108.150391,9133.160156,9133.160156,9044690000
2020-03-23,9014.580078,9053.490234,8664.940430,8777.379883,8777.379883,7402180000
2020-03-24,9276.639648,9672.009766,9276.639648,9658.320313,9658.320313,7547350000
2020-03-25,9749.799805,10303.900391,9591.740234,9961.379883,9961.379883,8285670000
2020-03-26,10060.480469,10556.900391,10060.480469,10536.280273,10536.280273,7753160000
2020-03-27,10135.730469,10449.219727,10064.500000,10187.209961,10187.209961,6194330000
2020-03-30,10238.129883,10455.769531,10131.599609,10434.740234,10434.740234,5746220000
2020-03-31,10387.730469,10499.799805,10237.219727,10301.870117,10301.870117,6568290000
2020-04-01,9917.309570,10029.000000,9766.799805,9844.849609,9844.849609,5947900000
2020-04-02,9815.269531,10142.009766,9813.509766,10062.370117,10062.370117,6454990000
2020-04-03,10012.469727,10075.910156,9774.240234,9880.629883,9880.629883,6087190000
2020-04-06,10264.129883,10560.730469,10233.040039,10515.240234,10515.240234,6391860000
2020-04-07,10894.200195,10912.559570,10534.740234,10537.040039,10537.040039,7040720000
2020-04-08,10641.509766,10939.969727,10538.650391,10902.589844,10902.589844,5856370000
2020-04-09,11070.320313,11272.480469,11019.820313,11136.610352,11136.610352,7880140000
2020-04-13,11136.610352,11136.610352,10817.150391,10949.530273,10949.530273,5274310000
2020-04-14,11151.160156,11241.230469,11064.629883,11172.200195,11172.200195,5567400000
2020-04-15,10861.969727,10903.059570,10760.959961,10843.919922,10843.919922,5203390000
2020-04-16,10882.830078,10891.679688,10718.129883,10818.030273,10818.030273,5179990000
2020-04-17,11101.320313,11231.269531,11030.419922,11208.290039,11208.290039,5792140000
2020-04-20,11016.879883,11181.809570,10985.059570,11003.879883,11003.879883,5220160000
2020-04-21,10763.669922,10861.790039,10667.290039,10706.440430,10706.440430,5075830000
2020-04-22,10919.969727,10955.500000,10844.759766,10908.559570,10908.559570,5049660000
2020-04-23,10961.240234,11099.000000,10905.839844,10916.679688,10916.679688,5756520000
2020-04-24,11000.700195,11050.009766,10868.929688,11017.900391,11017.900391,5374480000
2020-04-27,11106.030273,11301.309570,11086.959961,11264.839844,11264.839844,5194260000
2020-04-28,11462.379883,11481.299805,11272.780273,11319.700195,11319.700195,5672880000
2020-04-29,11546.400391,11675.299805,11513.080078,11618.230469,11618.230469,6620140000
2020-04-30,11473.230469,11492.910156,11326.200195,11372.339844,11372.339844,6523120000
2020-05-01,11158.870117,11187.769531,11011.459961,11058.570313,11058.570313,4753160000
2020-05-04,10965.769531,11061.959961,10900.389648,11056.280273,11056.280273,4723140000
2020-05-05,11188.969727,11259.200195,11124.690430,11135.400391,11135.400391,5129590000
2020-05-06,11196.870117,11204.530273,10999.990234,10999.990234,10999.990234,4861920000
2020-05-07,11140.929688,11228.250000,11109.559570,11121.669922,11121.669922,5164640000
2020-05-08,11281.299805,11360.110352,11237.509766,11354.339844,11354.339844,4857160000
2020-05-11,11244.250000,11345.429688,11205.400391,11281.370117,11281.370117,4807320000
2020-05-12,11332.419922,11343.389648,11055.580078,11055.580078,11055.580078,5107710000
2020-05-13,11035.230469,11038.379883,10747.809570,10829.440430,10829.440430,6143130000
2020-05-14,10661.929688,10927.849609,10551.549805,10927.410156,10927.410156,5641920000
2020-05-15,10927.410156,10968.169922,10817.120117,10947.320313,10947.320313,5477040000
2020-05-18,11282.889648,11454.349609,11282.889648,11402.230469,11402.230469,6364290000
2020-05-19,11374.230469,11409.660156,11248.540039,11248.969727,11248.969727,4969330000
2020-05-20,11408.610352,11477.330078,11384.360352,11420.040039,11420.040039,4992970000
2020-05-21,11393.919922,11447.259766,11287.429688,11351.599609,11351.599609,4966940000
2020-05-22,11325.080078,11333.650391,11247.290039,11331.969727,11331.969727,3952800000
2020-05-26,11636.540039,11676.959961,11590.309570,11603.000000,11603.000000,5837060000
2020-05-27,11787.559570,11837.549805,11602.429688,11837.530273,11837.530273,6371230000
2020-05-28,11935.879883,11939.740234,11783.219727,11804.910156,11804.910156,5402670000
2020-05-29,11750.969727,11817.389648,11645.709961,11802.950195,11802.950195,7275080000
2020-06-01,11799.919922,11928.799805,11781.879883,11900.240234,11900.240234,4673410000
2020-06-02,11900.240234,12046.410156,11900.240234,12046.410156,12046.410156,5187230000
2020-06-03,12175.059570,12329.290039,12175.059570,12302.190430,12302.190430,5989560000
2020-06-04,12236.740234,12328.509766,12202.360352,12286.980469,12286.980469,6428130000
2020-06-05,12640.980469,12752.139648,12600.700195,12641.440430,12641.440430,8617590000
2020-06-08,12734.540039,12836.679688,12688.549805,12836.599609,12836.599609,8437380000
2020-06-09,12635.599609,12682.740234,12578.540039,12619.519531,12619.519531,6382620000
2020-06-10,12616.629883,12628.910156,12431.559570,12449.219727,12449.219727,6570840000
2020-06-11,12090.129883,12099.179688,11636.009766,11659.169922,11659.169922,7018890000
2020-06-12,11999.480469,12030.940430,11640.589844,11867.169922,11867.169922,5832250000
2020-06-15,11565.820313,11997.650391,11525.360352,11942.910156,11942.910156,5740660000
2020-06-16,12304.139648,12318.750000,11992.980469,12161.469727,12161.469727,5829240000
2020-06-17,12193.410156,12202.580078,12068.209961,12086.490234,12086.490234,4549390000
2020-06-18,11994.459961,12110.200195,11984.709961,12072.589844,12072.589844,4429030000
2020-06-19,12240.309570,12240.309570,11946.959961,11980.120117,11980.120117,8327780000
2020-06-22,11963.299805,12045.650391,11907.219727,12028.910156,12028.910156,4665380000
2020-06-23,12157.370117,12176.429688,12068.089844,12077.740234,12077.740234,4704830000
2020-06-24,11956.290039,11961.620117,11650.910156,11726.540039,11726.540039,5587200000
2020-06-25,11680.389648,11866.200195,11640.019531,11865.110352,11865.110352,4815420000
2020-06-26,11796.400391,11814.009766,11578.809570,11604.429688,11604.429688,8098120000
2020-06-29,11683.070313,11777.639648,11605.469727,11777.080078,11777.080078,4462770000
2020-06-30,11736.750000,11934.959961,11724.570313,11893.780273,11893.780273,4696280000
2020-07-01,11907.830078,11982.230469,11858.820313,11901.549805,11901.549805,4443130000
2020-07-02,12088.700195,12138.830078,11970.799805,11991.519531,11991.519531,4190830000
2020-07-06,12181.290039,12218.190430,12114.320313,12160.009766,12160.009766,4736450000
2020-07-07,12056.209961,12107.950195,11979.769531,11990.139648,11990.139648,4563700000
2020-07-08,12023.570313,12095.179688,11971.889648,12086.389648,12086.389648,4927700000
2020-07-09,12089.240234,12103.160156,11831.040039,11928.629883,11928.629883,4829020000
2020-07-10,11935.299805,12079.110352,11906.209961,12075.580078,12075.580078,4515340000
2020-07-13,12159.750000,12242.679688,12000.980469,12014.669922,12014.669922,4890780000
2020-07-14,11989.410156,12215.150391,11963.500000,12014.669922,12014.669922,4476170000
2020-07-15,12377.650391,12419.799805,12309.259766,12391.320313,12391.320313,4669760000
2020-07-16,12310.179688,12381.379883,12295.690430,12350.110352,12350.110352,3961230000
2020-07-17,12395.759766,12427.490234,12339.870117,12402.740234,12402.740234,3993830000
2020-07-20,12413.150391,12432.769531,12352.719727,12392.980469,12392.980469,3971200000
2020-07-21,12492.080078,12570.709961,12481.969727,12508.679688,12508.679688,4547960000
2020-07-22,12508.679688,12578.980469,12480.730469,12569.070313,12569.070313,4255190000
2020-07-23,12567.169922,12617.179688,12459.059570,12510.870117,12510.870117,4290460000
2020-07-24,12488.679688,12522.190430,12427.660156,12461.780273,12461.780273,3894900000
2020-07-27,12481.009766,12556.559570,12444.509766,12553.129883,12553.129883,3963910000
2020-07-28,12515.839844,12563.450195,12482.269531,12491.219727,12491.219727,4027890000
2020-07-29,12533.459961,12688.690430,12533.459961,12669.620117,12669.620117,4676300000
2020-07-30,12491.459961,12544.799805,12393.799805,12533.280273,12533.280273,4254010000
2020-07-31,12509.330078,12509.330078,12320.730469,12465.049805,12465.049805,5117260000
2020-08-03,12513.209961,12562.269531,12470.469727,12536.809570,12536.809570,4643640000
2020-08-04,12548.929688,12612.469727,12532.610352,12612.110352,12612.110352,4621670000
2020-08-05,12612.089844,12751.360352,12612.089844,12731.549805,12731.549805,4732220000
2020-08-06,12702.879883,12731.290039,12659.309570,12729.169922,12729.169922,4267490000
2020-08-07,12655.700195,12766.049805,12650.679688,12765.839844,12765.839844,4104860000
2020-08-10,12797.780273,12854.519531,12794.530273,12844.019531,12844.019531,4318570000
2020-08-11,12996.429688,13003.589844,12826.870117,12849.429688,12849.429688,5087650000
2020-08-12,12984.900391,13010.860352,12944.780273,12974.830078,12974.830078,3768560000
2020-08-13,12914.700195,12965.589844,12885.509766,12919.150391,12919.150391,3648810000
2020-08-14,12864.740234,12932.889648,12856.690430,12902.500000,12902.500000,3193400000
2020-08-17,12942.309570,12954.919922,12917.719727,12936.110352,12936.110352,3671290000
2020-08-18,12967.940430,12975.540039,12877.190430,12910.330078,12910.330078,3881310000
2020-08-19,12931.080078,12946.809570,12843.280273,12859.879883,12859.879883,3884480000
2020-08-20,12751.290039,12832.330078,12739.000000,12812.860352,12812.860352,3642850000
2020-08-21,12782.059570,12814.110352,12762.940430,12809.070313,12809.070313,3705420000
2020-08-24,12904.950195,12973.400391,12881.400391,12972.879883,12972.879883,3728690000
2020-08-25,13029.900391,13029.900391,12943.150391,13001.990234,13001.990234,3619300000
2020-08-26,13006.179688,13057.860352,12975.959961,13042.540039,13042.540039,3754360000
2020-08-27,13066.150391,13111.450195,13012.969727,13068.809570,13068.809570,3929560000
2020-08-28,13115.370117,13173.969727,13066.719727,13170.959961,13170.959961,3855880000
2020-08-31,13134.389648,13136.549805,13043.629883,13045.599609,13045.599609,4342290000
2020-09-01,13032.040039,13113.929688,13004.169922,13113.740234,13113.740234,4083110000
2020-09-02,13132.709961,13299.730469,13112.820313,13276.740234,13276.740234,4285190000
2020-09-03,13253.799805,13285.089844,12887.599609,12966.139648,12966.139648,4898680000
2020-09-04,13022.469727,13069.969727,12723.790039,12966.139648,12966.139648,4431440000
2020-09-08,12777.549805,12816.000000,12659.160156,12688.070313,12688.070313,4665600000
2020-09-09,12806.240234,12969.459961,12803.740234,12885.799805,12885.799805,3920830000
2020-09-10,12924.500000,12964.200195,12688.320313,12706.690430,12706.690430,4192250000
2020-09-11,12779.980469,12827.860352,12683.339844,12773.040039,12773.040039,3704450000
2020-09-14,12868.309570,12970.570313,12858.179688,12932.690430,12932.690430,3832130000
2020-09-15,13010.969727,13047.480469,12942.519531,12967.179688,12967.179688,4051460000
2020-09-16,13013.459961,13128.679688,12990.700195,12997.860352,12997.860352,4710030000
2020-09-17,12866.169922,12981.339844,12824.440430,12948.450195,12948.450195,4371940000
2020-09-18,12937.599609,12962.639648,12779.400391,12833.570313,12833.570313,7068700000
2020-09-21,12617.450195,12833.570313,12421.150391,12833.570313,12833.570313,4828350000
2020-09-22,12575.190430,12636.209961,12502.250000,12602.540039,12602.540039,3963300000
2020-09-23,12630.530273,12657.200195,12355.429688,12359.160156,12359.160156,4364500000
2020-09-24,12314.580078,12476.129883,12228.969727,12365.540039,12365.540039,4599470000
2020-09-25,12293.889648,12507.929688,12281.980469,12485.379883,12485.379883,3792220000
2020-09-28,12650.049805,12735.160156,12642.969727,12677.540039,12677.540039,3946060000
2020-09-29,12660.929688,12688.700195,12562.530273,12602.639648,12602.639648,3651880000
2020-09-30,12643.450195,12795.629883,12621.509766,12701.889648,12701.889648,4722530000
2020-10-01,12759.660156,12792.620117,12656.309570,12726.839844,12726.839844,4070530000
2020-10-02,12554.120117,12803.519531,12551.969727,12749.790039,12749.790039,3961550000
2020-10-05,12842.490234,12957.559570,12842.490234,12949.650391,12949.650391,3686920000
2020-10-06,12995.950195,13083.299805,12824.200195,12837.879883,12837.879883,4443380000
2020-10-07,12950.559570,13073.000000,12950.559570,13042.330078,13042.330078,3807830000
2020-10-08,13116.129883,13191.009766,13100.969727,13190.580078,13190.580078,3856190000
2020-10-09,13256.820313,13297.000000,13207.589844,13252.620117,13252.620117,3939060000
2020-10-12,13289.549805,13350.589844,13274.940430,13324.870117,13324.870117,3428970000
2020-10-13,13271.250000,13280.190430,13181.589844,13211.950195,13211.950195,3605150000
2020-10-14,13222.360352,13267.160156,13135.900391,13143.160156,13143.160156,3840630000
2020-10-15,12974.129883,13148.700195,12960.980469,13137.250000,13137.250000,3717640000
2020-10-16,13183.610352,13241.530273,13164.540039,13169.320313,13169.320313,4675890000
2020-10-19,13169.320313,13247.750000,12999.410156,13018.509766,13018.509766,4086200000
2020-10-20,13018.509766,13198.019531,13018.509766,13092.160156,13092.160156,3901260000
2020-10-21,13092.160156,13153.419922,13039.349609,13040.129883,13040.129883,4097750000
2020-10-22,13040.129883,13162.799805,13002.959961,13145.919922,13145.919922,4163630000
2020-10-23,13145.919922,13215.589844,13117.820313,13199.860352,13199.860352,3646570000
2020-10-26,13063.799805,13063.799805,12815.280273,12936.389648,12936.389648,3988080000
2020-10-27,12921.250000,12934.110352,12817.870117,12817.870117,12817.870117,3946990000
2020-10-28,12575.290039,12617.580078,12411.099609,12415.419922,12415.419922,5129860000
2020-10-29,12409.040039,12584.469727,12317.799805,12502.290039,12502.290039,4903070000
2020-10-30,12448.690430,12492.620117,12293.750000,12429.330078,12429.330078,4840450000
2020-11-02,12573.339844,12675.129883,12535.929688,12662.169922,12662.169922,4310590000
2020-11-03,12781.169922,12936.900391,12781.169922,12877.450195,12877.450195,4220070000
2020-11-04,12916.230469,13161.519531,12868.620117,12978.950195,12978.950195,4783040000
2020-11-05,13125.750000,13252.830078,13125.750000,13199.120117,13199.120117,4841190000
2020-11-06,13233.450195,13270.469727,13188.240234,13218.669922,13218.669922,4833950000
2020-11-09,13726.209961,13930.879883,13608.379883,13611.650391,13611.650391,8556610000
2020-11-10,13663.179688,13732.620117,13577.019531,13707.990234,13707.990234,6024230000
2020-11-11,13779.929688,13779.929688,13669.889648,13724.780273,13724.780273,4609970000
2020-11-12,13645.450195,13675.240234,13476.230469,13551.469727,13551.469727,4890120000
2020-11-13,13644.950195,13787.700195,13644.950195,13761.320313,13761.320313,4709670000
2020-11-16,13946.190430,13985.509766,13879.179688,13982.190430,13982.190430,5281980000
2020-11-17,13880.809570,13989.339844,13818.759766,13949.099609,13949.099609,4799570000
2020-11-18,13986.410156,14004.610352,13808.370117,13808.650391,13808.650391,5274450000
2020-11-19,13765.519531,13871.259766,13714.269531,13863.230469,13863.230469,4347200000
2020-11-20,13853.120117,13883.450195,13810.240234,13827.000000,13827.000000,4218970000
2020-11-23,13827.000000,14029.330078,13827.000000,13998.240234,13998.240234,5036290000
2020-11-24,14158.709961,14271.089844,14138.379883,14249.500000,14249.500000,6267570000
2020-11-25,14249.500000,14249.500000,14122.099609,14191.580078,14191.580078,4902560000
2020-11-27,14191.580078,14229.120117,14165.709961,14198.500000,14198.500000,2778450000
2020-11-30,14140.950195,14140.950195,13977.049805,14006.459961,14006.459961,6291400000
2020-12-01,14183.450195,14233.459961,14131.330078,14146.639648,14146.639648,5403660000
2020-12-02,14104.059570,14198.790039,14076.709961,14188.240234,14188.240234,5029620000
2020-12-03,14210.540039,14283.730469,14184.490234,14217.179688,14217.179688,5091760000
2020-12-04,14299.509766,14417.400391,14297.730469,14417.330078,14417.330078,5086370000
2020-12-07,14375.549805,14386.980469,14314.469727,14354.969727,14354.969727,4788560000
2020-12-08,14304.139648,14424.980469,14304.139648,14402.169922,14402.169922,4549670000
2020-12-09,14466.070313,14476.679688,14293.269531,14374.080078,14374.080078,5209940000
2020-12-10,14310.400391,14413.059570,14290.929688,14394.339844,14394.339844,4618240000
2020-12-11,14332.969727,14369.240234,14260.889648,14355.290039,14355.290039,4367150000
2020-12-14,14445.360352,14459.650391,14214.030273,14214.929688,14214.929688,4594920000
2020-12-15,14303.030273,14410.150391,14271.360352,14402.320313,14402.320313,4360280000
2020-12-16,14426.080078,14442.889648,14370.509766,14408.940430,14408.940430,4056950000
2020-12-17,14488.690430,14519.990234,14472.190430,14516.730469,14516.730469,4184930000
2020-12-18,14525.740234,14529.879883,14394.349609,14467.820313,14467.820313,7068340000
2020-12-21,14257.730469,14408.110352,14171.769531,14378.849609,14378.849609,4732160000
2020-12-22,14368.559570,14368.990234,14305.620117,14321.339844,14321.339844,4023940000
2020-12-23,14397.009766,14457.290039,14397.009766,14398.620117,14398.620117,3772630000
2020-12-24,14398.620117,14398.620117,14324.769531,14382.500000,14382.500000,1885090000
2020-12-28,14476.349609,14481.480469,14396.230469,14405.769531,14405.769531,3527460000
2020-12-29,14500.030273,14515.809570,14371.870117,14397.919922,14397.919922,3387030000
2020-12-30,14447.959961,14520.570313,14447.959961,14477.480469,14477.480469,3145200000
2020-12-31,14469.000000,14533.209961,14422.740234,14524.799805,14524.799805,3172510000
2021-01-04,14601.450195,14605.750000,14258.250000,14376.700195,14376.700195,5006680000
2021-01-05,14378.700195,14579.280273,14378.700195,14536.530273,14536.530273,4582620000
2021-01-06,14594.480469,14898.490234,14590.410156,14788.839844,14788.839844,6049970000
2021-01-07,14866.919922,14948.299805,14849.349609,14928.750000,14928.750000,5080870000
2021-01-08,14990.519531,15006.160156,14818.799805,14966.830078,14966.830078,4764180000
2021-01-11,14828.030273,14975.269531,14817.740234,14937.959961,14937.959961,4450500000
2021-01-12,14970.780273,15024.519531,14923.820313,15010.290039,15010.290039,4977210000
2021-01-13,15017.019531,15045.540039,14931.120117,14983.610352,14983.610352,4590420000
2021-01-14,15063.559570,15129.120117,15037.290039,15044.379883,15044.379883,5180140000
2021-01-15,14949.339844,14952.339844,14791.650391,14894.169922,14894.169922,5353060000
2021-01-19,15026.639648,15037.490234,14958.719727,14987.339844,14987.339844,4982940000
2021-01-20,15067.860352,15114.110352,15029.280273,15097.280273,15097.280273,4551790000
2021-01-21,15102.530273,15102.530273,14998.860352,15019.049805,15019.049805,4484460000
2021-01-22,14895.730469,14979.950195,14881.379883,14951.839844,14951.839844,5080430000
2021-01-25,14951.839844,14957.980469,14765.429688,14935.290039,14935.290039,6955860000
2021-01-26,14935.290039,14995.549805,14860.559570,14867.370117,14867.370117,6029090000
2021-01-27,14867.370117,14867.370117,14447.360352,14487.730469,14487.730469,9878040000
2021-01-28,14487.730469,14767.549805,14487.730469,14669.519531,14669.519531,6937960000
2021-01-29,14669.519531,14669.519531,14328.459961,14397.200195,14397.200195,6612570000
2021-02-01,14397.200195,14623.440430,14397.200195,14596.179688,14596.179688,5392870000
2021-02-02,14596.179688,14830.790039,14596.179688,14768.580078,14768.580078,5495370000
2021-02-03,14768.580078,14871.570313,14753.309570,14839.059570,14839.059570,4846900000
2021-02-04,14839.059570,14976.179688,14839.059570,14975.429688,14975.429688,4856670000
2021-02-05,14975.429688,15087.969727,14975.429688,15069.599609,15069.599609,4838580000
2021-02-08,15069.599609,15226.650391,15069.599609,15226.610352,15226.610352,4635030000
2021-02-09,15226.610352,15266.830078,15168.669922,15244.400391,15244.400391,4554610000
2021-02-10,15244.400391,15343.780273,15183.959961,15273.900391,15273.900391,4815380000
2021-02-11,15273.900391,15341.339844,15195.849609,15297.089844,15297.089844,4570080000
2021-02-12,15297.089844,15373.769531,15254.870117,15369.599609,15369.599609,4119260000
2021-02-16,15370.219727,15483.200195,15370.219727,15423.019531,15423.019531,5037360000
2021-02-17,15423.019531,15423.019531,15289.400391,15402.589844,15402.589844,4718280000
2021-02-18,15402.589844,15402.589844,15205.040039,15290.639648,15290.639648,4773430000
2021-02-19,15290.639648,15418.570313,15290.639648,15362.690430,15362.690430,4823940000
2021-02-22,15362.690430,15423.629883,15264.849609,15340.469727,15340.469727,5870190000
2021-02-23,15340.469727,15404.679688,15089.980469,15359.129883,15359.129883,6280650000
2021-02-24,15359.129883,15566.469727,15326.669922,15539.419922,15539.419922,5942350000
2021-02-25,15539.419922,15555.900391,15156.839844,15206.669922,15206.669922,6513060000
2021-02-26,15206.669922,15209.769531,14943.969727,15010.469727,15010.469727,6512950000
2021-03-01,15010.469727,15396.519531,15010.469727,15327.769531,15327.769531,5071540000
2021-03-02,15327.769531,15366.919922,15257.919922,15277.019531,15277.019531,5493690000
2021-03-03,15277.019531,15336.349609,15197.919922,15199.190430,15199.190430,6150790000
2021-03-04,15199.190430,15246.980469,14765.549805,14959.410156,14959.410156,7142240000
2021-03-05,14959.410156,15284.160156,14818.549805,15251.830078,15251.830078,6842570000
2021-03-08,15251.830078,15471.910156,15236.929688,15288.379883,15288.379883,5852240000
2021-03-09,15288.379883,15498.089844,15288.379883,15375.629883,15375.629883,5496340000
2021-03-10,15375.629883,15573.269531,15375.629883,15521.839844,15521.839844,5827250000
2021-03-11,15521.839844,15701.820313,15521.839844,15648.000000,15648.000000,5300010000
2021-03-12,15648.000000,15717.809570,15607.799805,15715.209961,15715.209961,4469240000
2021-03-15,15715.209961,15778.040039,15613.169922,15775.500000,15775.500000,4882190000
2021-03-16,15775.500000,15775.500000,15639.349609,15669.299805,15669.299805,4604870000
2021-03-17,15669.299805,15746.030273,15579.530273,15731.150391,15731.150391,4541620000
2021-03-18,15731.150391,15797.940430,15559.830078,15589.089844,15589.089844,4043170000
2021-03-19,15589.070313,15636.120117,15454.110352,15562.259766,15562.259766,7725050000
2021-03-22,15562.259766,15595.599609,15496.559570,15551.559570,15551.559570,4311380000
2021-03-23,15551.580078,15551.580078,15306.070313,15346.530273,15346.530273,4645340000
2021-03-24,15346.530273,15479.849609,15276.559570,15276.559570,15276.559570,4766990000
2021-03-25,15276.559570,15439.089844,15138.690430,15410.370117,15410.370117,4940800000
2021-03-26,15410.370117,15687.179688,15410.370117,15682.540039,15682.540039,5467850000
2021-03-29,15682.540039,15682.540039,15522.660156,15611.879883,15611.879883,4619840000
2021-03-30,15611.879883,15663.009766,15551.530273,15626.110352,15626.110352,4103570000
2021-03-31,15626.110352,15681.910156,15601.740234,15601.740234,15601.740234,4564980000
2021-04-01,15601.740234,15752.330078,15601.740234,15751.700195,15751.700195,4151240000
2021-04-05,15752.240234,15882.099609,15752.240234,15870.339844,15870.339844,3999760000
2021-04-06,15870.339844,15920.280273,15842.250000,15877.959961,15877.959961,4027880000
2021-04-07,15877.959961,15905.250000,15804.450195,15838.849609,15838.849609,4112640000
2021-04-08,15838.849609,15894.799805,15812.370117,15886.559570,15886.559570,3901910000
2021-04-09,15886.559570,15956.379883,15865.599609,15956.370117,15956.370117,3634910000
2021-04-12,15956.370117,15986.360352,15933.730469,15977.459961,15977.459961,3578500000
2021-04-13,15977.459961,15989.799805,15902.160156,15962.339844,15962.339844,3728440000
2021-04-14,15962.339844,16076.259766,15962.339844,16000.150391,16000.150391,3976540000
2021-04-15,16000.150391,16123.469727,16000.150391,16116.849609,16116.849609,4027680000
2021-04-16,16116.849609,16207.099609,16116.849609,16186.290039,16186.290039,4157430000
2021-04-19,16186.290039,16186.290039,16076.570313,16107.559570,16107.559570,3788020000
2021-04-20,16107.559570,16107.559570,15887.389648,15944.610352,15944.610352,4338230000
2021-04-21,15944.610352,16128.900391,15903.459961,16121.610352,16121.610352,3865820000
2021-04-22,16121.610352,16175.200195,15991.839844,16030.620117,16030.620117,4235040000
2021-04-23,16030.620117,16246.370117,16030.620117,16206.000000,16206.000000,3568080000
2021-04-26,16206.000000,16278.099609,16206.000000,16241.209961,16241.209961,3738920000
2021-04-27,16241.209961,16287.620117,16212.750000,16273.309570,16273.309570,3703240000
2021-04-28,16273.309570,16362.599609,16273.309570,16322.129883,16322.129883,3772390000
2021-04-29,16322.129883,16413.279297,16263.040039,16376.000000,16376.000000,4288940000
2021-04-30,16376.000000,16376.000000,16199.480469,16219.330078,16219.330078,4273680000
2021-05-03,16219.330078,16375.070313,16219.330078,16325.240234,16325.240234,4061170000
2021-05-04,16325.240234,16325.240234,16156.990234,16289.269531,16289.269531,4441080000
2021-05-05,16289.269531,16394.619141,16284.740234,16348.410156,16348.410156,4029050000
2021-05-06,16348.410156,16462.439453,16275.160156,16459.599609,16459.599609,4504860000
2021-05-07,16459.599609,16598.019531,16439.039063,16590.429688,16590.429688,4013060000
2021-05-10,16590.429688,16685.890625,16516.800781,16516.830078,16516.830078,3678970000
2021-05-11,16516.830078,16516.830078,16211.540039,16355.620117,16355.620117,3593110000
2021-05-12,16355.620117,16355.620117,16030.299805,16042.969727,16042.969727,3735080000
2021-05-13,16042.969727,16243.269531,16035.490234,16181.629883,16181.629883,3687780000
2021-05-14,16181.629883,16438.900391,16181.629883,16415.359375,16415.359375,3251920000
2021-05-17,16415.359375,16434.250000,16341.179688,16422.960938,16422.960938,3307130000
2021-05-18,16422.960938,16458.230469,16337.290039,16337.730469,16337.730469,3559790000
2021-05-19,16337.730469,16337.730469,16040.429688,16233.320313,16233.320313,3485550000
2021-05-20,16233.320313,16398.769531,16233.299805,16350.450195,16350.450195,3019060000
2021-05-21,16350.450195,16475.000000,16344.759766,16375.000000,16375.000000,3344620000
2021-05-24,16375.000000,16508.519531,16375.000000,16464.689453,16464.689453,2947400000
2021-05-25,16464.689453,16525.810547,16375.150391,16390.189453,16390.189453,3420870000
2021-05-26,16390.189453,16466.339844,16388.320313,16451.960938,16451.960938,3674490000
2021-05-27,16451.960938,16546.359375,16451.960938,16531.949219,16531.949219,5201110000
2021-05-28,16531.949219,16588.689453,16531.949219,16555.660156,16555.660156,4199270000
2021-06-01,16555.660156,16718.669922,16555.660156,16643.320313,16643.320313,4122960000
2021-06-02,16643.320313,16691.960938,16620.550781,16673.960938,16673.960938,4860930000
2021-06-03,16673.960938,16673.960938,16530.199219,16632.339844,16632.339844,4579450000
2021-06-04,16632.339844,16718.009766,16632.339844,16708.740234,16708.740234,3487070000
2021-06-07,16708.740234,16725.550781,16669.900391,16709.300781,16709.300781,3835570000
2021-06-08,16685.140625,16704.480469,16607.140625,16685.480469,16685.480469,3943870000
2021-06-09,16685.480469,16691.019531,16619.960938,16620.000000,16620.000000,3902870000
2021-06-10,16620.000000,16726.949219,16613.150391,16651.429688,16651.429688,3502480000
2021-06-11,16651.429688,16696.509766,16629.630859,16694.929688,16694.929688,3204280000
2021-06-14,16694.929688,16694.929688,16600.470703,16662.419922,16662.419922,3612050000
2021-06-15,16662.419922,16685.039063,16596.800781,16655.810547,16655.810547,3578450000
2021-06-16,16655.810547,16655.810547,16497.750000,16542.759766,16542.759766,3722050000
2021-06-17,16542.759766,16562.189453,16307.070313,16411.650391,16411.650391,3952110000
2021-06-18,16411.650391,16411.650391,16142.500000,16143.950195,16143.950195,6084980000
2021-06-21,16143.950195,16421.929688,16143.950195,16411.980469,16411.980469,3391740000
2021-06-22,16411.980469,16487.130859,16349.290039,16449.009766,16449.009766,3208760000
2021-06-23,16449.009766,16511.560547,16436.750000,16437.630859,16437.630859,3172440000
2021-06-24,16437.630859,16573.310547,16437.630859,16558.619141,16558.619141,3141680000
2021-06-25,16558.619141,16678.000000,16558.619141,16658.789063,16658.789063,6248390000
2021-06-28,16658.789063,16658.789063,16522.490234,16573.720703,16573.720703,3415610000
2021-06-29,16573.720703,16627.449219,16533.970703,16547.570313,16547.570313,3049560000
2021-06-30,16547.570313,16568.919922,16517.029297,16555.349609,16555.349609,3687880000
2021-07-01,16555.349609,16649.099609,16555.349609,16640.960938,16640.960938,3077580000
2021-07-02,16640.960938,16689.429688,16608.339844,16674.849609,16674.849609,2628550000
2021-07-06,16674.849609,16674.849609,16448.769531,16542.750000,16542.750000,3437900000
2021-07-07,16542.750000,16593.570313,16449.089844,16559.310547,16559.310547,3243900000
2021-07-08,16559.310547,16559.310547,16245.480469,16359.700195,16359.700195,3393780000
2021-07-09,16359.700195,16639.199219,16359.700195,16633.300781,16633.300781,2738280000
2021-07-12,16633.300781,16681.650391,16553.789063,16673.140625,16673.140625,2983980000
2021-07-13,16673.140625,16673.140625,16572.880859,16575.769531,16575.769531,3166900000
2021-07-14,16575.769531,16674.539063,16510.380859,16543.779297,16543.779297,3213870000
2021-07-15,16543.779297,16543.779297,16424.419922,16499.060547,16499.060547,3226930000
2021-07-16,16499.060547,16557.490234,16345.509766,16364.660156,16364.660156,3165160000
2021-07-19,16364.660156,16364.660156,15954.690430,16052.709961,16052.709961,4155790000
2021-07-20,16052.709961,16362.259766,16052.709961,16321.940430,16321.940430,3634190000
2021-07-21,16321.940430,16517.609375,16321.940430,16503.470703,16503.470703,3078550000
2021-07-22,16503.470703,16510.339844,16404.380859,16455.919922,16455.919922,2907910000
2021-07-23,16455.919922,16564.140625,16455.919922,16552.380859,16552.380859,3490730000
2021-07-26,16552.380859,16571.490234,16513.359375,16565.310547,16565.310547,2679110000
2021-07-27,16565.310547,16565.310547,16430.519531,16520.960938,16520.960938,3381080000
2021-07-28,16520.960938,16628.939453,16490.650391,16573.560547,16573.560547,3215130000
2021-07-29,16573.560547,16750.669922,16573.560547,16697.140625,16697.140625,2815510000
2021-07-30,16697.140625,16715.880859,16575.500000,16602.289063,16602.289063,2861600000
2021-08-02,16602.289063,16761.240234,16568.259766,16576.210938,16576.210938,2919940000
2021-08-03,16576.210938,16714.259766,16509.619141,16713.460938,16713.460938,3305340000
2021-08-04,16713.460938,16713.460938,16593.460938,16594.480469,16594.480469,3382620000
2021-08-05,16594.480469,16695.529297,16594.480469,16695.500000,16695.500000,2734220000
2021-08-06,16695.500000,16775.900391,16695.500000,16748.080078,16748.080078,2839970000
2021-08-09,16748.080078,16756.179688,16678.550781,16726.949219,16726.949219,2779880000
2021-08-10,16726.949219,16821.390625,16726.949219,16792.779297,16792.779297,3219840000
2021-08-11,16792.779297,16875.740234,16792.779297,16875.390625,16875.390625,2803060000
2021-08-12,16875.390625,16875.390625,16802.390625,16871.119141,16871.119141,2543860000
2021-08-13,16871.119141,16887.250000,16847.179688,16868.109375,16868.109375,2371630000
2021-08-16,16868.109375,16868.109375,16709.210938,16836.740234,16836.740234,2707170000
2021-08-17,16836.740234,16836.740234,16589.390625,16707.130859,16707.130859,2884000000
2021-08-18,16707.130859,16729.589844,16545.730469,16550.339844,16550.339844,2965210000
2021-08-19,16550.339844,16550.339844,16345.400391,16429.140625,16429.140625,3120840000
2021-08-20,16429.140625,16535.179688,16399.609375,16516.679688,16516.679688,2867770000
2021-08-23,16516.679688,16679.769531,16516.679688,16648.550781,16648.550781,2965520000
2021-08-24,16648.550781,16771.250000,16648.550781,16741.160156,16741.160156,3037770000
2021-08-25,16741.160156,16840.859375,16716.880859,16812.839844,16812.839844,2554680000
2021-08-26,16812.839844,16812.839844,16684.230469,16694.320313,16694.320313,2704600000
2021-08-27,16694.320313,16858.419922,16694.320313,16844.750000,16844.750000,2862360000
2021-08-30,16844.750000,16873.160156,16801.339844,16819.630859,16819.630859,2557300000
2021-08-31,16819.630859,16849.160156,16783.050781,16806.439453,16806.439453,3090380000
2021-09-01,16806.439453,16879.849609,16791.150391,16845.990234,16845.990234,3101830000
2021-09-02,16845.990234,16944.480469,16845.990234,16926.720703,16926.720703,2897010000
2021-09-03,16926.720703,16932.140625,16875.820313,16909.720703,16909.720703,2609660000
2021-09-07,16909.720703,16909.720703,16800.699219,16801.179688,16801.179688,3098870000
2021-09-08,16801.179688,16801.179688,16677.160156,16731.039063,16731.039063,2808480000
2021-09-09,16731.039063,16790.089844,16653.560547,16663.119141,16663.119141,3035300000
2021-09-10,16663.119141,16767.439453,16562.619141,16563.480469,16563.480469,2851140000
2021-09-13,16563.480469,16689.050781,16563.230469,16635.390625,16635.390625,3096390000
2021-09-14,16635.390625,16678.310547,16471.060547,16497.230469,16497.230469,2568730000
2021-09-15,16497.230469,16645.289063,16481.640625,16626.880859,16626.880859,3154760000
2021-09-16,16626.880859,16638.400391,16497.810547,16576.769531,16576.769531,3321030000
2021-09-17,16576.769531,16586.070313,16442.359375,16460.349609,16460.349609,5622210000
2021-09-20,16460.349609,16460.349609,15988.030273,16168.169922,16168.169922,3773680000
2021-09-21,16168.169922,16325.250000,16154.459961,16184.500000,16184.500000,3044300000
2021-09-22,16184.500000,16456.359375,16184.500000,16352.179688,16352.179688,3273670000
2021-09-23,16352.179688,16627.019531,16352.179688,16567.259766,16567.259766,2833290000
2021-09-24,16567.259766,16582.539063,16502.720703,16539.150391,16539.150391,2772090000
2021-09-27,16539.150391,16658.519531,16539.150391,16599.789063,16599.789063,3032870000
2021-09-28,16599.789063,16599.789063,16303.900391,16328.780273,16328.780273,3495970000
2021-09-29,16328.780273,16417.539063,16318.169922,16344.889648,16344.889648,2753800000
2021-09-30,16344.889648,16407.980469,16144.290039,16144.919922,16144.919922,3123770000
2021-10-01,16144.919922,16398.310547,16094.500000,16323.740234,16323.740234,3148980000
2021-10-04,16323.740234,16368.490234,16127.150391,16198.559570,16198.559570,3110560000
2021-10-05,16198.559570,16411.390625,16198.559570,16327.089844,16327.089844,2967400000
2021-10-06,16327.089844,16342.219727,16096.849609,16338.459961,16338.459961,3219590000
2021-10-07,16338.459961,16601.689453,16338.459961,16511.810547,16511.810547,3096080000
2021-10-08,16511.810547,16585.109375,16505.080078,16517.230469,16517.230469,2401890000
2021-10-11,16517.230469,16633.519531,16429.130859,16430.070313,16430.070313,2580000000
2021-10-12,16430.070313,16515.529297,16411.509766,16441.750000,16441.750000,2608150000
2021-10-13,16441.750000,16538.439453,16359.349609,16513.160156,16513.160156,2926460000
2021-10-14,16513.160156,16750.390625,16513.160156,16744.289063,16744.289063,2642920000
2021-10-15,16744.289063,16914.669922,16744.289063,16871.740234,16871.740234,3000560000
2021-10-18,16871.740234,16891.500000,16776.609375,16862.000000,16862.000000,2683540000
2021-10-19,16862.000000,16995.800781,16862.000000,16988.160156,16988.160156,2531210000
2021-10-20,16988.160156,17111.210938,16988.160156,17099.210938,17099.210938,2671560000
2021-10-21,17099.210938,17099.210938,17005.439453,17083.150391,17083.150391,3016950000
2021-10-22,17083.150391,17157.390625,17031.740234,17122.240234,17122.240234,3062810000
2021-10-25,17122.240234,17192.179688,17096.160156,17169.070313,17169.070313,3250210000
2021-10-26,17169.070313,17228.300781,17131.439453,17145.150391,17145.150391,2866500000
2021-10-27,17145.150391,17145.150391,16920.380859,16920.380859,16920.380859,3259510000
2021-10-28,16920.380859,17077.519531,16920.380859,17077.000000,17077.000000,3197560000
2021-10-29,17077.000000,17077.000000,16977.490234,17016.410156,17016.410156,3632260000
2021-11-01,17016.410156,17138.380859,17016.410156,17131.080078,17131.080078,2924000000
2021-11-02,17131.080078,17131.080078,17078.810547,17115.169922,17115.169922,3309690000
2021-11-03,17115.169922,17220.599609,17081.990234,17209.750000,17209.750000,3339440000
2021-11-04,17209.750000,17230.800781,17110.480469,17168.869141,17168.869141,3332940000
2021-11-05,17168.869141,17306.210938,17168.869141,17242.359375,17242.359375,3491150000
2021-11-08,17242.359375,17341.779297,17242.359375,17310.509766,17310.509766,3465720000
2021-11-09,17310.509766,17323.119141,17217.939453,17286.910156,17286.910156,3110230000
2021-11-10,17286.910156,17322.720703,17145.000000,17192.029297,17192.029297,3581630000
2021-11-11,17192.029297,17246.859375,17192.029297,17220.410156,17220.410156,2623140000
2021-11-12,17220.410156,17312.939453,17220.410156,17297.660156,17297.660156,2865790000
2021-11-15,17297.660156,17336.839844,17267.890625,17285.550781,17285.550781,2618980000
2021-11-16,17285.550781,17364.310547,17285.550781,17302.789063,17302.789063,2838210000
2021-11-17,17302.789063,17302.789063,17158.980469,17192.660156,17192.660156,3221250000
2021-11-18,17192.660156,17192.660156,17049.060547,17117.740234,17117.740234,3335620000
2021-11-19,17117.740234,17117.740234,16965.800781,16973.960938,16973.960938,3265600000
2021-11-22,16973.960938,17082.699219,16945.669922,16945.779297,16945.779297,3206280000
2021-11-23,16945.779297,17026.539063,16887.800781,17007.900391,17007.900391,3428780000
2021-11-24,17007.900391,17046.089844,16911.830078,17036.810547,17036.810547,2464040000
2021-11-26,17036.810547,17036.890625,16546.560547,16624.869141,16624.869141,2676740000
2021-11-29,16624.869141,16794.550781,16601.740234,16683.980469,16683.980469,3471380000
2021-11-30,16683.980469,16683.980469,16303.269531,16318.969727,16318.969727,4950190000
2021-12-01,16318.969727,16636.779297,16133.209961,16133.889648,16133.889648,4078260000
2021-12-02,16133.889648,16526.599609,16133.889648,16475.250000,16475.250000,3771510000
2021-12-03,16475.250000,16552.519531,16219.860352,16347.870117,16347.870117,3971500000
2021-12-06,16347.870117,16664.300781,16347.870117,16591.970703,16591.970703,3305690000
2021-12-07,16591.970703,16918.730469,16591.970703,16853.570313,16853.570313,3334320000
2021-12-08,16853.570313,16923.740234,16838.769531,16899.919922,16899.919922,3061550000
2021-12-09,16899.919922,16899.919922,16780.410156,16780.470703,16780.470703,2851660000
2021-12-10,16780.470703,16888.580078,16762.939453,16856.630859,16856.630859,2858310000
2021-12-13,16856.630859,16856.630859,16691.160156,16719.570313,16719.570313,3322050000
2021-12-14,16719.570313,16768.490234,16609.689453,16652.580078,16652.580078,3292740000
2021-12-15,16652.580078,16822.699219,16567.189453,16813.570313,16813.570313,3367580000
2021-12-16,16813.570313,16985.080078,16790.720703,16849.089844,16849.089844,3592810000
2021-12-17,16849.089844,16849.089844,16626.539063,16668.640625,16668.640625,5609780000
2021-12-20,16668.640625,16668.640625,16310.570313,16442.310547,16442.310547,3395780000
2021-12-21,16442.310547,16753.980469,16442.310547,16744.269531,16744.269531,2564370000
2021-12-22,16744.269531,16879.220703,16717.619141,16874.880859,16874.880859,2439570000
2021-12-23,16874.880859,17011.480469,16874.880859,16963.439453,16963.439453,2194630000
2021-12-27,16963.439453,17141.830078,16963.439453,17141.089844,17141.089844,2264120000
2021-12-28,17141.089844,17217.369141,17111.730469,17134.160156,17134.160156,2217050000
2021-12-29,17134.160156,17181.699219,17107.750000,17149.929688,17149.929688,2369370000
2021-12-30,17149.929688,17238.650391,17149.929688,17164.240234,17164.240234,2390990000
2021-12-31,17164.240234,17226.419922,17145.980469,17164.130859,17164.130859,2446190000
2022-01-03,17164.130859,17230.990234,17119.990234,17226.099609,17226.099609,2775190000
2022-01-04,17226.099609,17377.429688,17226.099609,17336.759766,17336.759766,3641050000
2022-01-05,17336.759766,17415.609375,17111.970703,17112.599609,17112.599609,3733540000
2022-01-06,17112.599609,17240.390625,17048.960938,17156.519531,17156.519531,3371250000
2022-01-07,17156.519531,17222.900391,17107.330078,17166.279297,17166.279297,3279870000
2022-01-10,17166.279297,17166.279297,16894.910156,17119.560547,17119.560547,3621800000
2022-01-11,17119.560547,17298.009766,17053.039063,17294.539063,17294.539063,3421600000
2022-01-12,17294.539063,17406.160156,17273.810547,17353.759766,17353.759766,3060040000
2022-01-13,17353.759766,17442.539063,17230.119141,17259.019531,17259.019531,3539830000
2022-01-14,17259.019531,17259.019531,17056.669922,17219.060547,17219.060547,3483530000
2022-01-18,17219.060547,17219.060547,16895.330078,16950.910156,16950.910156,3324960000
2022-01-19,16950.910156,17059.189453,16814.810547,16818.980469,16818.980469,3387370000
2022-01-20,16818.980469,17045.259766,16648.779297,16663.769531,16663.769531,3473060000
2022-01-21,16663.769531,16683.390625,16362.990234,16397.339844,16397.339844,3945810000
2022-01-24,16397.339844,16439.390625,15816.089844,16413.970703,16413.970703,5172540000
2022-01-25,16413.970703,16484.880859,16000.570313,16340.320313,16340.320313,3989420000
2022-01-26,16340.320313,16598.160156,16113.030273,16236.509766,16236.509766,4046270000
2022-01-27,16236.509766,16502.269531,16090.690430,16152.120117,16152.120117,4074330000
2022-01-28,16152.120117,16400.009766,15998.690430,16397.859375,16397.859375,3936030000
2022-01-31,16397.859375,16663.849609,16344.660156,16659.769531,16659.769531,4001950000
2022-02-01,16659.769531,16840.560547,16606.160156,16829.720703,16829.720703,3796450000
2022-02-02,16829.720703,16926.189453,16763.050781,16904.519531,16904.519531,3777170000
2022-02-03,16904.519531,16904.519531,16661.599609,16677.390625,16677.390625,3596830000
2022-02-04,16677.390625,16817.269531,16552.369141,16701.580078,16701.580078,3673700000
2022-02-07,16701.580078,16826.710938,16684.900391,16722.759766,16722.759766,3291600000
2022-02-08,16722.759766,16880.330078,16685.230469,16853.710938,16853.710938,3509330000
2022-02-09,16853.710938,17083.359375,16853.710938,17069.660156,17069.660156,3662810000
2022-02-10,17069.660156,17160.330078,16790.759766,16855.960938,16855.960938,4490500000
2022-02-11,16855.960938,16969.650391,16600.289063,16664.990234,16664.990234,4164960000
2022-02-14,16664.990234,16664.990234,16422.560547,16531.310547,16531.310547,3466170000
2022-02-15,16531.310547,16757.429688,16531.310547,16745.830078,16745.830078,3363200000
2022-02-16,16745.830078,16813.009766,16658.320313,16770.359375,16770.359375,3478750000
2022-02-17,16770.359375,16770.359375,16462.150391,16492.050781,16492.050781,3596510000
2022-02-18,16492.050781,16560.119141,16333.509766,16392.320313,16392.320313,3871340000
2022-02-22,16392.320313,16406.470703,16099.019531,16215.620117,16215.620117,4007780000
2022-02-23,16215.620117,16358.849609,15998.330078,16019.580078,16019.580078,3814340000
2022-02-24,16019.580078,16020.049805,15571.349609,15995.990234,15995.990234,5070560000
2022-02-25,15995.990234,16432.789063,15995.990234,16427.960938,16427.960938,3941780000
2022-02-28,16427.960938,16427.960938,16136.969727,16313.889648,16313.889648,4594010000
2022-03-01,16313.889648,16351.299805,15986.059570,16069.160156,16069.160156,4679400000
2022-03-02,16069.160156,16435.000000,16069.160156,16380.910156,16380.910156,4409090000
2022-03-03,16380.910156,16434.869141,16185.309570,16287.490234,16287.490234,4062080000
2022-03-04,16287.490234,16287.490234,15954.190430,16129.660156,16129.660156,4558250000
2022-03-04,0.000000,0.000000,0.000000,16129.664063,16129.664063,0
